mall_id,mall_name,titles,links,default price,promotional_price,rating,num_reviews,num_sold,num_available,num_like,detrailed_product
sp.btw2,Aviano Menswear,"Áo Giữ Nhiệt Nam Dài Tay AVIANO Vải Heattech Cao Cấp, Co Giãn 4 Chiều Thoải Mái Vận Động",https://shopee.vn/%C3%81o-Gi%E1%BB%AF-Nhi%E1%BB%87t-Nam-D%C3%A0i-Tay-AVIANO-V%E1%BA%A3i-Heattech-Cao-C%E1%BA%A5p-Co-Gi%C3%A3n-4-Chi%E1%BB%81u-Tho%E1%BA%A3i-M%C3%A1i-V%E1%BA%ADn-%C4%90%E1%BB%99ng-i.40342563.22384517548?sp_atk=2eaac6e5-cdfb-40ed-b67f-a960cb1e0e20&xptdk=2eaac6e5-cdfb-40ed-b67f-a960cb1e0e20,₫250.000,₫129.000,,,0,23496 sản phẩm có sẵn,,"{'Danh Mục': 'Shopee\nThời Trang Nam\nÁo\nÁo Thun', 'Thương hiệu': 'AVIANO', 'Chiều dài tay áo': 'Dài tay', 'Mẫu': 'Trơn', 'Kho hàng': '23496', 'Gửi từ': 'Hà Nội'}"
sp.btw2,Aviano Menswear,"Áo Khoác Nam AVIANO Có Mũ 2 Lớp Chống Gió, Áo Khoác Gió Nam Chống Nước Cao Cấp",https://shopee.vn/%C3%81o-Kho%C3%A1c-Nam-AVIANO-C%C3%B3-M%C5%A9-2-L%E1%BB%9Bp-Ch%E1%BB%91ng-Gi%C3%B3-%C3%81o-Kho%C3%A1c-Gi%C3%B3-Nam-Ch%E1%BB%91ng-N%C6%B0%E1%BB%9Bc-Cao-C%E1%BA%A5p-i.40342563.19994012491?sp_atk=fa65714b-3623-414c-b773-428b7f93931d&xptdk=fa65714b-3623-414c-b773-428b7f93931d,₫450.000,₫250.000,,,7,19980 sản phẩm có sẵn,Đã thích (1),"{'Danh Mục': 'Shopee\nThời Trang Nam\nÁo Khoác\nÁo Khoác Mùa Đông & Áo Choàng', 'Thương hiệu': 'AVIANO', 'Mẫu': 'Trơn', 'Kiểu Áo khoác': 'Áo gió', 'Kho hàng': '19980', 'Gửi từ': 'Hà Nội'}"
sp.btw2,Aviano Menswear,"Áo Khoác Nam AVIANO Có Mũ Có Chun Bo Gấu, Áo Khoác Gió Nam Thể Thao Chống Nước",https://shopee.vn/%C3%81o-Kho%C3%A1c-Nam-AVIANO-C%C3%B3-M%C5%A9-C%C3%B3-Chun-Bo-G%E1%BA%A5u-%C3%81o-Kho%C3%A1c-Gi%C3%B3-Nam-Th%E1%BB%83-Thao-Ch%E1%BB%91ng-N%C6%B0%E1%BB%9Bc-i.40342563.23482882735?sp_atk=82432e3d-86d3-4004-b2d5-a30cb12a4a23&xptdk=82432e3d-86d3-4004-b2d5-a30cb12a4a23,₫450.000,₫250.000,,,1,368 sản phẩm có sẵn,Đã thích (1),"{'Danh Mục': 'Shopee\nThời Trang Nam\nÁo Khoác\nÁo Khoác Mùa Đông & Áo Choàng', 'Thương hiệu': 'AVIANO', 'Kiểu Áo khoác': 'Áo gió', 'Kho hàng': '368', 'Gửi từ': 'Hà Nội'}"
sp.btw2,Aviano Menswear,"Áo Khoác Nam AVIANO Có Mũ Tháo Rời, Áo Khoác Gió Nam Chống Gió,Chống Mưa Cao Cấp",https://shopee.vn/%C3%81o-Kho%C3%A1c-Nam-AVIANO-C%C3%B3-M%C5%A9-Th%C3%A1o-R%E1%BB%9Di-%C3%81o-Kho%C3%A1c-Gi%C3%B3-Nam-Ch%E1%BB%91ng-Gi%C3%B3-Ch%E1%BB%91ng-M%C6%B0a-Cao-C%E1%BA%A5p-i.40342563.22857383501?sp_atk=4a657cf7-9b65-4b78-a5e8-7a7e290e9bdc&xptdk=4a657cf7-9b65-4b78-a5e8-7a7e290e9bdc,₫399.000,₫250.000,5.0,2,3,440 sản phẩm có sẵn,,"{'Danh Mục': 'Shopee\nThời Trang Nam\nÁo Khoác\nÁo Khoác Mùa Đông & Áo Choàng', 'Thương hiệu': 'AVIANO', 'Mẫu': 'Trơn', 'Kiểu Áo khoác': 'Áo gió', 'Kho hàng': '440', 'Gửi từ': 'Hà Nội'}"
sp.btw2,Aviano Menswear,"Bộ Đồ Nam AVIANO Chất Nỉ Dài Tay Cao Cấp, Bộ Thể Thao Nam Cổ Tròn Thu Đông 4 Màu",https://shopee.vn/B%E1%BB%99-%C4%90%E1%BB%93-Nam-AVIANO-Ch%E1%BA%A5t-N%E1%BB%89-D%C3%A0i-Tay-Cao-C%E1%BA%A5p-B%E1%BB%99-Th%E1%BB%83-Thao-Nam-C%E1%BB%95-Tr%C3%B2n-Thu-%C4%90%C3%B4ng-4-M%C3%A0u-i.40342563.23957383073?sp_atk=0a37b888-32be-46fd-961f-20301a0dbf76&xptdk=0a37b888-32be-46fd-961f-20301a0dbf76,₫598.000,₫299.000,4.8,4,14,192 sản phẩm có sẵn,Đã thích (4),"{'Danh Mục': 'Shopee\nThời Trang Nam\nĐồ Bộ', 'Thương hiệu': 'AVIANO', 'Chất liệu': 'Nỉ', 'Mẫu': 'Trơn', 'Kho hàng': '192', 'Gửi từ': 'Hà Nội'}"
sp.btw2,Aviano Menswear,"Áo Sweater Nam AVIANO Nhiều Màu Form Basic, Áo Dài Tay Nam Chất Nỉ Kiểu Dáng Thời Trang Hàn Quốc",https://shopee.vn/%C3%81o-Sweater-Nam-AVIANO-Nhi%E1%BB%81u-M%C3%A0u-Form-Basic-%C3%81o-D%C3%A0i-Tay-Nam-Ch%E1%BA%A5t-N%E1%BB%89-Ki%E1%BB%83u-D%C3%A1ng-Th%E1%BB%9Di-Trang-H%C3%A0n-Qu%E1%BB%91c-i.40342563.22557354520?sp_atk=1e844979-80c6-459b-9426-00e9a88b6483&xptdk=1e844979-80c6-459b-9426-00e9a88b6483,₫350.000,₫199.000,5.0,2,3,22049 sản phẩm có sẵn,Đã thích (3),"{'Danh Mục': 'Shopee\nThời Trang Nam\nÁo Hoodie, Áo Len & Áo Nỉ\nÁo Nỉ', 'Thương hiệu': 'AVIANO', 'Chất liệu': 'Nỉ', 'Mẫu': 'Trơn', 'Kho hàng': '22049', 'Gửi từ': 'Hà Nội'}"
sp.btw2,Aviano Menswear,"Áo Sweater AVIANO Form Basic, Áo Nỉ Nam Dài Tay Kiểu Dáng Thời Trang",https://shopee.vn/%C3%81o-Sweater-AVIANO-Form-Basic-%C3%81o-N%E1%BB%89-Nam-D%C3%A0i-Tay-Ki%E1%BB%83u-D%C3%A1ng-Th%E1%BB%9Di-Trang-i.40342563.22382749024?sp_atk=4ffaf58d-cf40-4190-877e-a4b2891c85b3&xptdk=4ffaf58d-cf40-4190-877e-a4b2891c85b3,₫350.000,₫199.000,5.0,2,5,14364 sản phẩm có sẵn,Đã thích (5),"{'Danh Mục': 'Shopee\nThời Trang Nam\nÁo Hoodie, Áo Len & Áo Nỉ\nÁo Nỉ', 'Thương hiệu': 'AVIANO', 'Chất liệu': 'Nỉ', 'Mẫu': 'Trơn', 'Kho hàng': '14364', 'Gửi từ': 'Hà Nội'}"
sp.btw2,Aviano Menswear,"Bộ Đồ Nam AVIANO 4 Màu Dài Tay, Bộ Thể Thao Nam Chất Nỉ Cổ Tròn Thu Đông",https://shopee.vn/B%E1%BB%99-%C4%90%E1%BB%93-Nam-AVIANO-4-M%C3%A0u-D%C3%A0i-Tay-B%E1%BB%99-Th%E1%BB%83-Thao-Nam-Ch%E1%BA%A5t-N%E1%BB%89-C%E1%BB%95-Tr%C3%B2n-Thu-%C4%90%C3%B4ng-i.40342563.19393753758?sp_atk=d5230f49-2527-4895-91ad-1f5401ce43ba&xptdk=d5230f49-2527-4895-91ad-1f5401ce43ba,₫598.000,₫275.000,4.9,23,85,160 sản phẩm có sẵn,Đã thích (12),"{'Danh Mục': 'Shopee\nThời Trang Nam\nĐồ Bộ', 'Thương hiệu': 'AVIANO', 'Chất liệu': 'Nỉ', 'Số lượng hàng khuyến mãi': '160', 'Số sản phẩm còn lại': '157938', 'Gửi từ': 'Hà Nội'}"
sp.btw2,Aviano Menswear,"Bộ Quần Áo Nam AVIANO Dài Tay, Bộ Thể Thao Nam Chất Nỉ Tổ Ong 4 Màu",https://shopee.vn/B%E1%BB%99-Qu%E1%BA%A7n-%C3%81o-Nam-AVIANO-D%C3%A0i-Tay-B%E1%BB%99-Th%E1%BB%83-Thao-Nam-Ch%E1%BA%A5t-N%E1%BB%89-T%E1%BB%95-Ong-4-M%C3%A0u-i.40342563.22481759518?sp_atk=3f82998e-8f00-456b-849b-a3095a3b6a2b&xptdk=3f82998e-8f00-456b-849b-a3095a3b6a2b,₫450.000,₫250.000,5.0,7,28,7992 sản phẩm có sẵn,Đã thích (7),"{'Danh Mục': 'Shopee\nThời Trang Nam\nĐồ Bộ', 'Thương hiệu': 'AVIANO', 'Chất liệu': 'Nỉ', 'Mẫu': 'Trơn', 'Kho hàng': '7992', 'Gửi từ': 'Hà Nội'}"
sp.btw2,Aviano Menswear,"Bộ Đồ Nam AVIANO 4 Màu Dài Tay, Bộ Thể Thao Nam Chất Nỉ Tổ Ong",https://shopee.vn/B%E1%BB%99-%C4%90%E1%BB%93-Nam-AVIANO-4-M%C3%A0u-D%C3%A0i-Tay-B%E1%BB%99-Th%E1%BB%83-Thao-Nam-Ch%E1%BA%A5t-N%E1%BB%89-T%E1%BB%95-Ong-i.40342563.18484638101?sp_atk=64e8e324-675c-43f9-92e6-72714dcd93cc&xptdk=64e8e324-675c-43f9-92e6-72714dcd93cc,₫450.000,₫185.000,4.9,73,219,152 sản phẩm có sẵn,Đã thích (43),"{'Danh Mục': 'Shopee\nThời Trang Nam\nĐồ Bộ', 'Thương hiệu': 'AVIANO', 'Chất liệu': 'Nỉ', 'Mẫu': 'Trơn', 'Số lượng hàng khuyến mãi': '152', 'Số sản phẩm còn lại': '154250', 'Gửi từ': 'Hà Nội'}"
sp.btw2,Aviano Menswear,"Áo Thun Nam Dài Tay AVIANO Giữ Nhiệt Tốt, Vải Heattech Cao Cấp, Co Giãn 4 Chiều Thoải Mái Vận Động",https://shopee.vn/%C3%81o-Thun-Nam-D%C3%A0i-Tay-AVIANO-Gi%E1%BB%AF-Nhi%E1%BB%87t-T%E1%BB%91t-V%E1%BA%A3i-Heattech-Cao-C%E1%BA%A5p-Co-Gi%C3%A3n-4-Chi%E1%BB%81u-Tho%E1%BA%A3i-M%C3%A1i-V%E1%BA%ADn-%C4%90%E1%BB%99ng-i.40342563.23855871601?sp_atk=9ca9d02b-0af6-4286-b13b-999151764a79&xptdk=9ca9d02b-0af6-4286-b13b-999151764a79,₫250.000,₫99.000,5.0,116,544,238 sản phẩm có sẵn,Đã thích (126),"{'Danh Mục': 'Shopee\nThời Trang Nam\nÁo\nÁo Thun', 'Thương hiệu': 'AVIANO', 'Chiều dài tay áo': 'Dài tay', 'Mẫu': 'Trơn', 'Số lượng hàng khuyến mãi': '238', 'Số sản phẩm còn lại': '229324', 'Gửi từ': 'Hà Nội'}"
sp.btw2,Aviano Menswear,"Áo Khoác Nam AVIANO Cao Cấp Chống Nước,Chống Gió,Kháng Bụi Tốt,Chống Nắng.Áo Khoác Gió Nam Thể Thao Có Mũ,Có Chun Bo Gấu",https://shopee.vn/%C3%81o-Kho%C3%A1c-Nam-AVIANO-Cao-C%E1%BA%A5p-Ch%E1%BB%91ng-N%C6%B0%E1%BB%9Bc-Ch%E1%BB%91ng-Gi%C3%B3-Kh%C3%A1ng-B%E1%BB%A5i-T%E1%BB%91t-Ch%E1%BB%91ng-N%E1%BA%AFng.%C3%81o-Kho%C3%A1c-Gi%C3%B3-Nam-Th%E1%BB%83-Thao-C%C3%B3-M%C5%A9-C%C3%B3-Chun-Bo-G%E1%BA%A5u-i.40342563.22281307586?sp_atk=0cd2c972-78bc-44fd-a972-64ec5f2330ea&xptdk=0cd2c972-78bc-44fd-a972-64ec5f2330ea,₫450.000,₫239.000,4.9,14,53,17967 sản phẩm có sẵn,Đã thích (13),"{'Danh Mục': 'Shopee\nThời Trang Nam\nÁo Khoác\nÁo Khoác Mùa Đông & Áo Choàng', 'Thương hiệu': 'AVIANO', 'Mẫu': 'Trơn', 'Kiểu Áo khoác': 'Áo gió', 'Chất liệu': 'GIÓ', 'Kho hàng': '17967', 'Gửi từ': 'Hà Nội'}"
sp.btw2,Aviano Menswear,"Áo Khoác Nam AVIANO Cao Cấp Chống Nước,Chống Gió, Kháng Bụi Tốt, Chống Nắng.Áo Khoác Gió Nam Có Mũ 2 Lớp",https://shopee.vn/%C3%81o-Kho%C3%A1c-Nam-AVIANO-Cao-C%E1%BA%A5p-Ch%E1%BB%91ng-N%C6%B0%E1%BB%9Bc-Ch%E1%BB%91ng-Gi%C3%B3-Kh%C3%A1ng-B%E1%BB%A5i-T%E1%BB%91t-Ch%E1%BB%91ng-N%E1%BA%AFng.%C3%81o-Kho%C3%A1c-Gi%C3%B3-Nam-C%C3%B3-M%C5%A9-2-L%E1%BB%9Bp-i.40342563.23081308025?sp_atk=75f76d4c-5c7f-4c33-9f94-0f4817aabe82&xptdk=75f76d4c-5c7f-4c33-9f94-0f4817aabe82,₫450.000,₫229.000,4.8,75,260,318 sản phẩm có sẵn,Đã thích (68),"{'Danh Mục': 'Shopee\nThời Trang Nam\nÁo Khoác\nÁo Khoác Mùa Đông & Áo Choàng', 'Thương hiệu': 'AVIANO', 'Mẫu': 'Trơn', 'Kiểu Áo khoác': 'Áo gió', 'Chất liệu': 'Gió', 'Số lượng hàng khuyến mãi': '318', 'Số sản phẩm còn lại': '193392', 'Gửi từ': 'Hà Nội'}"
sp.btw2,Aviano Menswear,"Áo Khoác Nam AVIANO Cao Cấp Chống Nước,Chống Gió, Kháng Bụi Tốt, Chống Nắng, Áo Khoác Gió Nam Có Mũ Tháo Rời Tiện Lợi",https://shopee.vn/%C3%81o-Kho%C3%A1c-Nam-AVIANO-Cao-C%E1%BA%A5p-Ch%E1%BB%91ng-N%C6%B0%E1%BB%9Bc-Ch%E1%BB%91ng-Gi%C3%B3-Kh%C3%A1ng-B%E1%BB%A5i-T%E1%BB%91t-Ch%E1%BB%91ng-N%E1%BA%AFng-%C3%81o-Kho%C3%A1c-Gi%C3%B3-Nam-C%C3%B3-M%C5%A9-Th%C3%A1o-R%E1%BB%9Di-Ti%E1%BB%87n-L%E1%BB%A3i-i.40342563.22880580807?sp_atk=58e34674-ba28-4ed9-8663-56efdb3e74fa&xptdk=58e34674-ba28-4ed9-8663-56efdb3e74fa,₫399.000,₫219.000,4.9,255,766,274 sản phẩm có sẵn,Đã thích (200),"{'Danh Mục': 'Shopee\nThời Trang Nam\nÁo Khoác\nÁo Khoác', 'Thương hiệu': 'AVIANO', 'Mẫu': 'Trơn', 'Số lượng hàng khuyến mãi': '274', 'Số sản phẩm còn lại': '270403', 'Gửi từ': 'Hà Nội'}"
sp.btw2,Aviano Menswear,"Quần Tây Nam AVIANO Có Bộ Chỉnh Cạp, Quần Âu Nam Công Sở Chất Kaki",https://shopee.vn/Qu%E1%BA%A7n-T%C3%A2y-Nam-AVIANO-C%C3%B3-B%E1%BB%99-Ch%E1%BB%89nh-C%E1%BA%A1p-Qu%E1%BA%A7n-%C3%82u-Nam-C%C3%B4ng-S%E1%BB%9F-Ch%E1%BA%A5t-Kaki-i.40342563.15899389040?sp_atk=3ced1dfb-9420-48e6-884f-a8efb1a879f0&xptdk=3ced1dfb-9420-48e6-884f-a8efb1a879f0,₫350.000,₫239.000,4.9,125,292,198883 sản phẩm có sẵn,Đã thích (53),"{'Danh Mục': 'Shopee\nThời Trang Nam\nQuần Dài/Quần Âu\nQuần Âu', 'Thương hiệu': 'AVIANO', 'Xuất xứ': 'Việt Nam', 'Chất liệu': 'kaki', 'Mẫu': 'Trơn', 'Kho hàng': '198883', 'Gửi từ': 'Hà Nội'}"
sp.btw2,Aviano Menswear,Quần Short Kaki Nam Co Giãn Thiết Kế Phối Cạp Chun Cao Cấp AVIANO,https://shopee.vn/Qu%E1%BA%A7n-Short-Kaki-Nam-Co-Gi%C3%A3n-Thi%E1%BA%BFt-K%E1%BA%BF-Ph%E1%BB%91i-C%E1%BA%A1p-Chun-Cao-C%E1%BA%A5p-AVIANO-i.40342563.23550776994?sp_atk=03711078-6f5d-46fa-aad8-65bf2349460d&xptdk=03711078-6f5d-46fa-aad8-65bf2349460d,₫318.000,₫159.000,5.0,5,28,1249 sản phẩm có sẵn,Đã thích (4),"{'Danh Mục': 'Shopee\nThời Trang Nam\nQuần Short\nQuần Đùi/Quần Short', 'Thương hiệu': 'AVIANO', 'Xuất xứ': 'Việt Nam', 'Loại quần short': 'Jersey', 'Chất liệu': 'kaki', 'Mẫu': 'Trơn', 'Kho hàng': '1249', 'Gửi từ': 'Hà Nội'}"
sp.btw2,Aviano Menswear,Quần Short Gió Nam 4 Màu Thể Thao Thiết Kế Kiểu Dáng Năng Động Thời Trang AVIANO,https://shopee.vn/Qu%E1%BA%A7n-Short-Gi%C3%B3-Nam-4-M%C3%A0u-Th%E1%BB%83-Thao-Thi%E1%BA%BFt-K%E1%BA%BF-Ki%E1%BB%83u-D%C3%A1ng-N%C4%83ng-%C4%90%E1%BB%99ng-Th%E1%BB%9Di-Trang-AVIANO-i.40342563.22350771640?sp_atk=348cd595-94a1-4bf4-ad32-dc96265e3e62&xptdk=348cd595-94a1-4bf4-ad32-dc96265e3e62,₫238.000,₫89.000,5.0,3,12,3763 sản phẩm có sẵn,Đã thích (3),"{'Danh Mục': 'Shopee\nThời Trang Nam\nQuần Short\nQuần Đùi/Quần Short', 'Thương hiệu': 'AVIANO', 'Loại quần short': 'Jersey', 'Kho hàng': '3763', 'Gửi từ': 'Hà Nội'}"
sp.btw2,Aviano Menswear,"Combo 3 Quần Lót Nam AVIANO Cotton Compact Co Giãn 4 Chiều, Quần Sịp Nam Boxer Thoáng Khí",https://shopee.vn/Combo-3-Qu%E1%BA%A7n-L%C3%B3t-Nam-AVIANO-Cotton-Compact-Co-Gi%C3%A3n-4-Chi%E1%BB%81u-Qu%E1%BA%A7n-S%E1%BB%8Bp-Nam-Boxer-Tho%C3%A1ng-Kh%C3%AD-i.40342563.23875798120?sp_atk=6d388959-13cc-4048-8e9e-29ad31e9ff49&xptdk=6d388959-13cc-4048-8e9e-29ad31e9ff49,₫338.000,₫150.000,5.0,568,"1,3k",500 sản phẩm có sẵn,Đã thích (110),"{'Danh Mục': 'Shopee\nThời Trang Nam\nĐồ Lót\nQuần Lót', 'Thương hiệu': 'AVIANO', 'Chất liệu': 'Cotton', 'Số lượng hàng khuyến mãi': '500', 'Số sản phẩm còn lại': '488395', 'Gửi từ': 'Hà Nội'}"
sp.btw2,Aviano Menswear,"Quần Đùi Nam AVIANO Thể Thao Chất Vải Gió Cạp Chun, Quần Short Nam Co Giãn Có Túi Khóa Kéo",https://shopee.vn/Qu%E1%BA%A7n-%C4%90%C3%B9i-Nam-AVIANO-Th%E1%BB%83-Thao-Ch%E1%BA%A5t-V%E1%BA%A3i-Gi%C3%B3-C%E1%BA%A1p-Chun-Qu%E1%BA%A7n-Short-Nam-Co-Gi%C3%A3n-C%C3%B3-T%C3%BAi-Kh%C3%B3a-K%C3%A9o-i.40342563.22850191597?sp_atk=0d8ac85f-ac47-4929-8898-41cb4082da1d&xptdk=0d8ac85f-ac47-4929-8898-41cb4082da1d,₫238.000,₫109.000,5.0,272,643,490 sản phẩm có sẵn,Đã thích (33),"{'Danh Mục': 'Shopee\nThời Trang Nam\nQuần Short\nQuần Đùi/Quần Short', 'Thương hiệu': 'AVIANO', 'Xuất xứ': 'Việt Nam', 'Loại quần short': 'Jersey', 'Mẫu': 'Trơn', 'Kho hàng': '490', 'Gửi từ': 'Hà Nội'}"
sp.btw2,Aviano Menswear,"Quần Lót Nam AVIANO Cotton Compact Co Giãn 4 Chiều, Quần Sịp Nam Boxer Thoáng Khí",https://shopee.vn/Qu%E1%BA%A7n-L%C3%B3t-Nam-AVIANO-Cotton-Compact-Co-Gi%C3%A3n-4-Chi%E1%BB%81u-Qu%E1%BA%A7n-S%E1%BB%8Bp-Nam-Boxer-Tho%C3%A1ng-Kh%C3%AD-i.40342563.22649994517?sp_atk=0cbde848-7e21-42ed-8168-1c50429f782e&xptdk=0cbde848-7e21-42ed-8168-1c50429f782e,₫138.000,₫65.000,5.0,289,808,14036 sản phẩm có sẵn,Đã thích (51),"{'Danh Mục': 'Shopee\nThời Trang Nam\nĐồ Lót\nQuần Lót', 'Thương hiệu': 'AVIANO', 'Xuất xứ': 'Việt Nam', 'Chất liệu': 'Cotton', 'Kho hàng': '14036', 'Gửi từ': 'Hà Nội'}"
sp.btw2,Aviano Menswear,"Quần Short Nam AVIANO Vải Kaki, Quần Đùi Nam Cạp Cúc Màu Basic",https://shopee.vn/Qu%E1%BA%A7n-Short-Nam-AVIANO-V%E1%BA%A3i-Kaki-Qu%E1%BA%A7n-%C4%90%C3%B9i-Nam-C%E1%BA%A1p-C%C3%BAc-M%C3%A0u-Basic-i.40342563.17295496634?sp_atk=2ad888dd-4672-418c-ac4b-9aa4577d3a77&xptdk=2ad888dd-4672-418c-ac4b-9aa4577d3a77,₫318.000,₫149.000,5.0,350,687,358 sản phẩm có sẵn,Đã thích (64),"{'Danh Mục': 'Shopee\nThời Trang Nam\nQuần Short\nQuần Đùi/Quần Short', 'Thương hiệu': 'AVIANO', 'Xuất xứ': 'Việt Nam', 'Loại quần short': 'Bermudas', 'Chất liệu': 'kaki', 'Mẫu': 'Trơn', 'Kho hàng': '358', 'Gửi từ': 'Hà Nội'}"
sp.btw2,Aviano Menswear,"Áo 3 Lỗ Nam AVIANO Công Nghệ Dri-Air Thun Lạnh, Áo Thun Nam Thể Thao 6 Màu Basic",https://shopee.vn/%C3%81o-3-L%E1%BB%97-Nam-AVIANO-C%C3%B4ng-Ngh%E1%BB%87-Dri-Air-Thun-L%E1%BA%A1nh-%C3%81o-Thun-Nam-Th%E1%BB%83-Thao-6-M%C3%A0u-Basic-i.40342563.23075397391?sp_atk=eb90ecb6-ef77-460d-8578-0fcb659903ca&xptdk=eb90ecb6-ef77-460d-8578-0fcb659903ca,₫198.000,₫95.000,4.8,9,80,489 sản phẩm có sẵn,Đã thích (6),"{'Danh Mục': 'Shopee\nThời Trang Nam\nÁo Ba Lỗ', 'Thương hiệu': 'AVIANO', 'Xuất xứ': 'Việt Nam', 'Kho hàng': '489', 'Gửi từ': 'Hà Nội'}"
sp.btw2,Aviano Menswear,"Áo Ba Lỗ Nam AVIANO Công Nghệ Dri-Air Thể Thao Thun Lạnh, Áo Thun Nam Co Giãn, Thoáng Khí",https://shopee.vn/%C3%81o-Ba-L%E1%BB%97-Nam-AVIANO-C%C3%B4ng-Ngh%E1%BB%87-Dri-Air-Th%E1%BB%83-Thao-Thun-L%E1%BA%A1nh-%C3%81o-Thun-Nam-Co-Gi%C3%A3n-Tho%C3%A1ng-Kh%C3%AD-i.40342563.18091388581?sp_atk=ec612892-1314-4ea6-adfc-1eee0206ddc9&xptdk=ec612892-1314-4ea6-adfc-1eee0206ddc9,₫198.000,₫89.000,5.0,488,"1,6k",240 sản phẩm có sẵn,Đã thích (170),"{'Danh Mục': 'Shopee\nThời Trang Nam\nÁo Ba Lỗ', 'Thương hiệu': 'AVIANO', 'Xuất xứ': 'Việt Nam', 'Số lượng hàng khuyến mãi': '240', 'Số sản phẩm còn lại': '237869', 'Gửi từ': 'Hà Nội'}"
sp.btw2,Aviano Menswear,"Áo Polo Thể Thao AVIANO Microfiber Dryfit, Áo Thể Thao Nam Chất Liệu Thun Lạnh",https://shopee.vn/%C3%81o-Polo-Th%E1%BB%83-Thao-AVIANO-Microfiber-Dryfit-%C3%81o-Th%E1%BB%83-Thao-Nam-Ch%E1%BA%A5t-Li%E1%BB%87u-Thun-L%E1%BA%A1nh-i.40342563.19282020823?sp_atk=bdb37c5e-5994-4694-ad04-0ef9d5e63d05&xptdk=bdb37c5e-5994-4694-ad04-0ef9d5e63d05,₫398.000,₫169.000,5.0,10,31,261 sản phẩm có sẵn,Đã thích (5),"{'Danh Mục': 'Shopee\nThời Trang Nam\nÁo\nÁo Polo', 'Thương hiệu': 'AVIANO', 'Chiều dài tay áo': 'Tay ngắn', 'Mẫu': 'Trơn', 'Kho hàng': '261', 'Gửi từ': 'Hà Nội'}"
sp.btw2,Aviano Menswear,"Áo Polo Thể Thao AVIANO Công nghệ Microfiber Dryfit, Áo Polo Nam Chất Liệu Thun Lạnh, 5 Màu Basic",https://shopee.vn/%C3%81o-Polo-Th%E1%BB%83-Thao-AVIANO-C%C3%B4ng-ngh%E1%BB%87-Microfiber-Dryfit-%C3%81o-Polo-Nam-Ch%E1%BA%A5t-Li%E1%BB%87u-Thun-L%E1%BA%A1nh-5-M%C3%A0u-Basic-i.40342563.21382009225?sp_atk=188128c5-8044-4810-9ba7-907cd7ebd7bb&xptdk=188128c5-8044-4810-9ba7-907cd7ebd7bb,₫398.000,₫169.000,4.9,18,59,441 sản phẩm có sẵn,Đã thích (11),"{'Danh Mục': 'Shopee\nThời Trang Nam\nÁo\nÁo Polo', 'Thương hiệu': 'AVIANO', 'Xuất xứ': 'Việt Nam', 'Chiều dài tay áo': 'Tay ngắn', 'Mẫu': 'Trơn', 'Kho hàng': '441', 'Gửi từ': 'Hà Nội'}"
sp.btw2,Aviano Menswear,"Áo Polo Thể Thao Nam Công Nghệ Microfiber Dryfit Siêu Mát AVIANO, Áo Polo Nam Chất Liệu Thoáng Khí, 5 Màu Basic",https://shopee.vn/%C3%81o-Polo-Th%E1%BB%83-Thao-Nam-C%C3%B4ng-Ngh%E1%BB%87-Microfiber-Dryfit-Si%C3%AAu-M%C3%A1t-AVIANO-%C3%81o-Polo-Nam-Ch%E1%BA%A5t-Li%E1%BB%87u-Tho%C3%A1ng-Kh%C3%AD-5-M%C3%A0u-Basic-i.40342563.22448681012?sp_atk=d4f30440-b977-4756-86a5-02b6f1f206a0&xptdk=d4f30440-b977-4756-86a5-02b6f1f206a0,₫398.000,₫169.000,5.0,370,570,702 sản phẩm có sẵn,Đã thích (53),"{'Danh Mục': 'Shopee\nThời Trang Nam\nÁo\nÁo Polo', 'Thương hiệu': 'AVIANO', 'Chiều dài tay áo': 'Tay ngắn', 'Mẫu': 'Trơn', 'Kho hàng': '702', 'Gửi từ': 'Hà Nội'}"
sp.btw2,Aviano Menswear,"Áo Polo Thể Thao Nam Microfiber Dryfit Siêu Mát AVIANO, Áo Polo Nam Chất Liệu Thoáng Khí 5 Màu Basic",https://shopee.vn/%C3%81o-Polo-Th%E1%BB%83-Thao-Nam-Microfiber-Dryfit-Si%C3%AAu-M%C3%A1t-AVIANO-%C3%81o-Polo-Nam-Ch%E1%BA%A5t-Li%E1%BB%87u-Tho%C3%A1ng-Kh%C3%AD-5-M%C3%A0u-Basic-i.40342563.22374083292?sp_atk=73d73822-71b2-43ea-8a77-3fb2f0997cc7&xptdk=73d73822-71b2-43ea-8a77-3fb2f0997cc7,₫398.000,₫169.000,4.8,11,19,441 sản phẩm có sẵn,Đã thích (2),"{'Danh Mục': 'Shopee\nThời Trang Nam\nÁo\nÁo Polo', 'Thương hiệu': 'AVIANO', 'Xuất xứ': 'Việt Nam', 'Chiều dài tay áo': 'Tay ngắn', 'Mẫu': 'Trơn', 'Kho hàng': '441', 'Gửi từ': 'Hà Nội'}"
sp.btw2,Aviano Menswear,"Áo Thun Thể Thao Nam Công Nghệ Dri-Air Siêu Mát, Thiết Kế  AVIANO Sọc Vai, Áo Thun Nam Thoáng Khí, Thoải Mái Vận Động",https://shopee.vn/%C3%81o-Thun-Th%E1%BB%83-Thao-Nam-C%C3%B4ng-Ngh%E1%BB%87-Dri-Air-Si%C3%AAu-M%C3%A1t-Thi%E1%BA%BFt-K%E1%BA%BF-AVIANO-S%E1%BB%8Dc-Vai-%C3%81o-Thun-Nam-Tho%C3%A1ng-Kh%C3%AD-Tho%E1%BA%A3i-M%C3%A1i-V%E1%BA%ADn-%C4%90%E1%BB%99ng-i.40342563.20381279128?sp_atk=1a292131-227e-4e2f-b324-17af25d7372a&xptdk=1a292131-227e-4e2f-b324-17af25d7372a,₫300.000,₫129.000,4.9,36,113,368 sản phẩm có sẵn,Đã thích (7),"{'Danh Mục': 'Shopee\nThời Trang Nam\nÁo\nÁo Thun', 'Thương hiệu': 'AVIANO', 'Chiều dài tay áo': 'Tay ngắn', 'Cổ áo': 'Cổ tròn', 'Mẫu': 'Sọc', 'Kho hàng': '368', 'Gửi từ': 'Hà Nội'}"
sp.btw2,Aviano Menswear,"Áo Thun Thể Thao Nam Công Nghệ Dri-Air Siêu Mát Thiết Kế AVIANO, Áo Thun Nam Thoáng Khí, Thoải Mái Vận Động",https://shopee.vn/%C3%81o-Thun-Th%E1%BB%83-Thao-Nam-C%C3%B4ng-Ngh%E1%BB%87-Dri-Air-Si%C3%AAu-M%C3%A1t-Thi%E1%BA%BFt-K%E1%BA%BF-AVIANO-%C3%81o-Thun-Nam-Tho%C3%A1ng-Kh%C3%AD-Tho%E1%BA%A3i-M%C3%A1i-V%E1%BA%ADn-%C4%90%E1%BB%99ng-i.40342563.22846635259?sp_atk=bb9b0ae1-6b7e-445a-9965-fd5e0f1d2b0a&xptdk=bb9b0ae1-6b7e-445a-9965-fd5e0f1d2b0a,₫300.000,₫109.000,5.0,10,25,28 sản phẩm có sẵn,Đã thích (4),"{'Danh Mục': 'Shopee\nThời Trang Nam\nÁo\nÁo Thun', 'Thương hiệu': 'AVIANO', 'Chiều dài tay áo': 'Tay ngắn', 'Cổ áo': 'Cổ tròn', 'Mẫu': 'In', 'Kho hàng': '28', 'Gửi từ': 'Hà Nội'}"
sp.btw2,Aviano Menswear,"Áo Thun Thể Thao Nam Công Nghệ Dri-Air Siêu Mát AVIANO, Thiết Kế Sọc Vai, Áo Thun Nam Thoáng Khí, Thoải Mái Vận Động",https://shopee.vn/%C3%81o-Thun-Th%E1%BB%83-Thao-Nam-C%C3%B4ng-Ngh%E1%BB%87-Dri-Air-Si%C3%AAu-M%C3%A1t-AVIANO-Thi%E1%BA%BFt-K%E1%BA%BF-S%E1%BB%8Dc-Vai-%C3%81o-Thun-Nam-Tho%C3%A1ng-Kh%C3%AD-Tho%E1%BA%A3i-M%C3%A1i-V%E1%BA%ADn-%C4%90%E1%BB%99ng-i.40342563.17095115887?sp_atk=2d55abb7-785c-44bb-9db6-0d32289900a0&xptdk=2d55abb7-785c-44bb-9db6-0d32289900a0,₫300.000,₫150.000,4.9,"1,3k","3,9k",187779 sản phẩm có sẵn,Đã thích (699),"{'Danh Mục': 'Shopee\nThời Trang Nam\nÁo\nÁo Thun', 'Thương hiệu': 'AVIANO', 'Xuất xứ': 'Việt Nam', 'Chiều dài tay áo': 'Tay ngắn', 'Cổ áo': 'Cổ tròn', 'Mẫu': 'Sọc', 'Kho hàng': '187779', 'Gửi từ': 'Hà Nội'}"
sp.btw2,Aviano Menswear,"Áo Thun Thể Thao Nam Công Nghệ Dri-Air Siêu Mát AVIANO Thấm Hút Mồ Hôi, Áo Thun Nam Thoáng Khí, Thoải Mái Vận Động",https://shopee.vn/%C3%81o-Thun-Th%E1%BB%83-Thao-Nam-C%C3%B4ng-Ngh%E1%BB%87-Dri-Air-Si%C3%AAu-M%C3%A1t-AVIANO-Th%E1%BA%A5m-H%C3%BAt-M%E1%BB%93-H%C3%B4i-%C3%81o-Thun-Nam-Tho%C3%A1ng-Kh%C3%AD-Tho%E1%BA%A3i-M%C3%A1i-V%E1%BA%ADn-%C4%90%E1%BB%99ng-i.40342563.23271876906?sp_atk=07d745dd-41e8-41a3-a3d6-a117765029f0&xptdk=07d745dd-41e8-41a3-a3d6-a117765029f0,₫300.000,₫109.000,4.9,126,258,28 sản phẩm có sẵn,Đã thích (14),"{'Danh Mục': 'Shopee\nThời Trang Nam\nÁo\nÁo Thun', 'Thương hiệu': 'AVIANO', 'Xuất xứ': 'Việt Nam', 'Chiều dài tay áo': 'Tay ngắn', 'Cổ áo': 'Cổ tròn', 'Mẫu': 'In', 'Kho hàng': '28', 'Gửi từ': 'Hà Nội'}"
sp.btw2,Aviano Menswear,Quần Short Kaki Nam Co Giãn Phối Cạp Chun 5 Màu AVIANO,https://shopee.vn/Qu%E1%BA%A7n-Short-Kaki-Nam-Co-Gi%C3%A3n-Ph%E1%BB%91i-C%E1%BA%A1p-Chun-5-M%C3%A0u-AVIANO-i.40342563.13198893982?sp_atk=b9f4cbc8-1e67-4882-8583-26a7d7db1c84&xptdk=b9f4cbc8-1e67-4882-8583-26a7d7db1c84,₫278.000 - ₫358.000,₫139.000 - ₫159.000,4.9,846,"3,4k",728 sản phẩm có sẵn,Đã thích (313),"{'Danh Mục': 'Shopee\nThời Trang Nam\nQuần Short\nQuần Đùi/Quần Short', 'Thương hiệu': 'AVIANO', 'Xuất xứ': 'Việt Nam', 'Loại quần short': 'Bermudas', 'Chất liệu': 'kaki', 'Mẫu': 'Trơn', 'Kho hàng': '728', 'Gửi từ': 'Hà Nội'}"
sp.btw2,Aviano Menswear,"Quần Áo Nam Mùa Hè AVIANO Chất Liệu PoLy Coolmax Thoáng Khí, Bộ Quần Áo Nam Polo Thiết Kế Cao Cấp",https://shopee.vn/Qu%E1%BA%A7n-%C3%81o-Nam-M%C3%B9a-H%C3%A8-AVIANO-Ch%E1%BA%A5t-Li%E1%BB%87u-PoLy-Coolmax-Tho%C3%A1ng-Kh%C3%AD-B%E1%BB%99-Qu%E1%BA%A7n-%C3%81o-Nam-Polo-Thi%E1%BA%BFt-K%E1%BA%BF-Cao-C%E1%BA%A5p-i.40342563.22969259735?sp_atk=ce55d9f7-2344-421f-8335-9c91f9b5da57&xptdk=ce55d9f7-2344-421f-8335-9c91f9b5da57,₫458.000,₫169.000,5.0,11,32,,Đã thích (4),"{'Danh Mục': 'Shopee\nThời Trang Nam\nĐồ Bộ', 'Thương hiệu': 'AVIANO', 'Mẫu': 'In', 'Kho hàng': '85', 'Gửi từ': 'Hà Nội'}"
sp.btw2,Aviano Menswear,"Quần Short Nam AVIANO Aircool Co Giãn 4 Chiều, Quần Đùi Nam 5 Màu Trơn Thời Trang",https://shopee.vn/Qu%E1%BA%A7n-Short-Nam-AVIANO-Aircool-Co-Gi%C3%A3n-4-Chi%E1%BB%81u-Qu%E1%BA%A7n-%C4%90%C3%B9i-Nam-5-M%C3%A0u-Tr%C6%A1n-Th%E1%BB%9Di-Trang-i.40342563.22468978485?sp_atk=835b5e25-c8bd-4bb1-ad7f-3265d57314ac&xptdk=835b5e25-c8bd-4bb1-ad7f-3265d57314ac,₫318.000,₫150.000,4.9,72,239,103 sản phẩm có sẵn,Đã thích (20),"{'Danh Mục': 'Shopee\nThời Trang Nam\nQuần Short\nQuần Đùi/Quần Short', 'Thương hiệu': 'AVIANO', 'Loại quần short': 'Jersey', 'Mẫu': 'Trơn', 'Kho hàng': '103', 'Gửi từ': 'Hà Nội'}"
sp.btw2,Aviano Menswear,Quần Đùi Cho Bé Vải Kaki 5 Màu Thời Trang BELLO LAND,https://shopee.vn/Qu%E1%BA%A7n-%C4%90%C3%B9i-Cho-B%C3%A9-V%E1%BA%A3i-Kaki-5-M%C3%A0u-Th%E1%BB%9Di-Trang-BELLO-LAND-i.40342563.18188906692?sp_atk=ee9f1496-1e90-471f-a908-65d247a21f47&xptdk=ee9f1496-1e90-471f-a908-65d247a21f47,₫130.000,₫79.000,4.9,8,28,,Đã thích (6),{}
sp.btw2,Aviano Menswear,Bộ Quần Áo Bé Gái Hai Dây Mùa Hè Hình Quả 4 Màu Xinh Xắn Bello land,https://shopee.vn/B%E1%BB%99-Qu%E1%BA%A7n-%C3%81o-B%C3%A9-G%C3%A1i-Hai-D%C3%A2y-M%C3%B9a-H%C3%A8-H%C3%ACnh-Qu%E1%BA%A3-4-M%C3%A0u-Xinh-X%E1%BA%AFn-Bello-land-i.40342563.23868355225?sp_atk=607a5c56-c3d7-4ce8-9958-4310c5436017&xptdk=607a5c56-c3d7-4ce8-9958-4310c5436017,₫238.000,₫79.000,5.0,3,5,,Đã thích (6),"{'Danh Mục': 'Shopee\nThời Trang Trẻ Em\nQuần áo em bé\nĐồ ngủ', 'Thương hiệu': 'Bello land', 'Kho hàng': '57', 'Gửi từ': 'Hà Nội'}"
sp.btw2,Aviano Menswear,Váy Bé Gái Dáng Xòe 5 Màu 2 Dây Xinh Xắn BELLO LAND,https://shopee.vn/V%C3%A1y-B%C3%A9-G%C3%A1i-D%C3%A1ng-X%C3%B2e-5-M%C3%A0u-2-D%C3%A2y-Xinh-X%E1%BA%AFn-BELLO-LAND-i.40342563.23542876504?sp_atk=745509c0-40d6-4fd3-882c-2fe568f2f49c&xptdk=745509c0-40d6-4fd3-882c-2fe568f2f49c,₫198.000,₫69.000,5.0,1,4,2 sản phẩm có sẵn,,"{'Danh Mục': 'Shopee\nThời Trang Trẻ Em\nTrang phục bé gái\nVáy/Đầm', 'Thương hiệu': 'Bello land', 'Kho hàng': '2', 'Gửi từ': 'Hà Nội'}"
sp.btw2,Aviano Menswear,Bộ Quần Áo Đồ Cho Bé Mùa Hè Cổ Tim Dễ Thương Thời Trang BELLO LAND,https://shopee.vn/B%E1%BB%99-Qu%E1%BA%A7n-%C3%81o-%C4%90%E1%BB%93-Cho-B%C3%A9-M%C3%B9a-H%C3%A8-C%E1%BB%95-Tim-D%E1%BB%85-Th%C6%B0%C6%A1ng-Th%E1%BB%9Di-Trang-BELLO-LAND-i.40342563.21179936167?sp_atk=993e4e8b-d72f-4437-9369-6544f8229a8b&xptdk=993e4e8b-d72f-4437-9369-6544f8229a8b,₫258.000,₫99.000,5.0,7,20,24 sản phẩm có sẵn,Đã thích (4),"{'Danh Mục': 'Shopee\nThời Trang Trẻ Em\nQuần áo em bé\nBộ quần áo', 'Thương hiệu': 'Bello land', 'Kho hàng': '24', 'Gửi từ': 'Hà Nội'}"
sp.btw2,Aviano Menswear,Áo Dài Cách Tân Hoạ Tiết Hoa Thiết Kế Thời Trang Cao Cấp NORICK,https://shopee.vn/%C3%81o-D%C3%A0i-C%C3%A1ch-T%C3%A2n-Ho%E1%BA%A1-Ti%E1%BA%BFt-Hoa-Thi%E1%BA%BFt-K%E1%BA%BF-Th%E1%BB%9Di-Trang-Cao-C%E1%BA%A5p-NORICK-i.40342563.22367729262?sp_atk=f97165aa-2f45-4d05-b5bf-67b82ff069d0&xptdk=f97165aa-2f45-4d05-b5bf-67b82ff069d0,₫398.000,₫199.000,5.0,1,5,27 sản phẩm có sẵn,Đã thích (9),"{'Danh Mục': 'Shopee\nThời Trang Nữ\nĐồ truyền thống\nĐầm', 'Thương hiệu': 'Norick', 'Mẫu': 'Hoa', 'Kho hàng': '27', 'Gửi từ': 'Hà Nội'}"
sp.btw2,Aviano Menswear,"Bộ Quần Áo Nam Mùa Hè AVIANO Cổ Tròn Tay Ngắn, Bộ Thể Thao Nam Kẻ Sọc Viền Vai Chất Liệu Thấm Hút Mồ Hôi",https://shopee.vn/B%E1%BB%99-Qu%E1%BA%A7n-%C3%81o-Nam-M%C3%B9a-H%C3%A8-AVIANO-C%E1%BB%95-Tr%C3%B2n-Tay-Ng%E1%BA%AFn-B%E1%BB%99-Th%E1%BB%83-Thao-Nam-K%E1%BA%BB-S%E1%BB%8Dc-Vi%E1%BB%81n-Vai-Ch%E1%BA%A5t-Li%E1%BB%87u-Th%E1%BA%A5m-H%C3%BAt-M%E1%BB%93-H%C3%B4i-i.40342563.23742134208?sp_atk=500648b2-deaa-4fa0-ad06-2e570d636ca2&xptdk=500648b2-deaa-4fa0-ad06-2e570d636ca2,₫518.000,₫199.000,5.0,33,110,341 sản phẩm có sẵn,Đã thích (10),"{'Danh Mục': 'Shopee\nThời Trang Nam\nĐồ Bộ', 'Thương hiệu': 'AVIANO', 'Mùa': 'Mùa hè', 'Mẫu': 'Sọc', 'Kho hàng': '341', 'Gửi từ': 'Hà Nội'}"
sp.btw2,Aviano Menswear,"Bộ Thể Thao Nam AVIANO, Bộ Quần Áo Nam Mùa Hè Cổ Tròn Tay Ngắn Thiết Kế Kẻ Sọc Viền Vai Chất Liệu Co Giãn",https://shopee.vn/B%E1%BB%99-Th%E1%BB%83-Thao-Nam-AVIANO-B%E1%BB%99-Qu%E1%BA%A7n-%C3%81o-Nam-M%C3%B9a-H%C3%A8-C%E1%BB%95-Tr%C3%B2n-Tay-Ng%E1%BA%AFn-Thi%E1%BA%BFt-K%E1%BA%BF-K%E1%BA%BB-S%E1%BB%8Dc-Vi%E1%BB%81n-Vai-Ch%E1%BA%A5t-Li%E1%BB%87u-Co-Gi%C3%A3n-i.40342563.23567627216?sp_atk=2ece397b-7761-4c01-be20-00ff32766697&xptdk=2ece397b-7761-4c01-be20-00ff32766697,,₫199.000,5.0,33,96,,Đã thích (9),"{'Danh Mục': 'Shopee\nThời Trang Nam\nĐồ Bộ', 'Thương hiệu': 'AVIANO', 'Mẫu': 'Sọc', 'Kho hàng': '341', 'Gửi từ': 'Hà Nội'}"
sp.btw2,Aviano Menswear,"Áo Polo Nam AVIANO Chất Liệu Co Giãn Thấm Hút Mồ Hôi, Áo Thun Nam Có Cổ 4 Màu Basic",https://shopee.vn/%C3%81o-Polo-Nam-AVIANO-Ch%E1%BA%A5t-Li%E1%BB%87u-Co-Gi%C3%A3n-Th%E1%BA%A5m-H%C3%BAt-M%E1%BB%93-H%C3%B4i-%C3%81o-Thun-Nam-C%C3%B3-C%E1%BB%95-4-M%C3%A0u-Basic-i.40342563.18588438649?sp_atk=a62fa44a-ce98-425f-a9e9-7d45be17af02&xptdk=a62fa44a-ce98-425f-a9e9-7d45be17af02,₫378.000,₫139.000,5.0,23,63,152 sản phẩm có sẵn,Đã thích (5),"{'Danh Mục': 'Shopee\nThời Trang Nam\nÁo\nÁo Polo', 'Thương hiệu': 'AVIANO', 'Chiều dài tay áo': 'Tay ngắn', 'Kho hàng': '152', 'Gửi từ': 'Hà Nội'}"
sp.btw2,Aviano Menswear,"Bộ Đồ Nam AVIANO Viền Vai Kẻ Sọc, Bộ Thể Thao Nam Cổ Tròn Tay Ngắn Chất Liệu Poly Coolmax Thấm Hút Mồ Hôi",https://shopee.vn/B%E1%BB%99-%C4%90%E1%BB%93-Nam-AVIANO-Vi%E1%BB%81n-Vai-K%E1%BA%BB-S%E1%BB%8Dc-B%E1%BB%99-Th%E1%BB%83-Thao-Nam-C%E1%BB%95-Tr%C3%B2n-Tay-Ng%E1%BA%AFn-Ch%E1%BA%A5t-Li%E1%BB%87u-Poly-Coolmax-Th%E1%BA%A5m-H%C3%BAt-M%E1%BB%93-H%C3%B4i-i.40342563.18588363847?sp_atk=6f76dbb2-62e8-4181-a5ba-d67fb0ce3d2f&xptdk=6f76dbb2-62e8-4181-a5ba-d67fb0ce3d2f,₫518.000,₫199.000,4.9,549,"1,8k",341 sản phẩm có sẵn,Đã thích (191),"{'Danh Mục': 'Shopee\nThời Trang Nam\nĐồ Bộ', 'Thương hiệu': 'AVIANO', 'Mùa': 'Mùa hè', 'Xuất xứ': 'Việt Nam', 'Mẫu': 'Sọc', 'Kho hàng': '341', 'Gửi từ': 'Hà Nội'}"
sp.btw2,Aviano Menswear,"Bộ Quần Áo Nam AVIANO Cổ Tròn Tay Ngắn Kiểu Dáng Thời Trang, Bộ Thể Thao Nam Thoáng Khí, Thấm Hút Mồ Hôi",https://shopee.vn/B%E1%BB%99-Qu%E1%BA%A7n-%C3%81o-Nam-AVIANO-C%E1%BB%95-Tr%C3%B2n-Tay-Ng%E1%BA%AFn-Ki%E1%BB%83u-D%C3%A1ng-Th%E1%BB%9Di-Trang-B%E1%BB%99-Th%E1%BB%83-Thao-Nam-Tho%C3%A1ng-Kh%C3%AD-Th%E1%BA%A5m-H%C3%BAt-M%E1%BB%93-H%C3%B4i-i.40342563.23141346609?sp_atk=7aeb9e05-d3e2-4f89-9432-6ef570988c25&xptdk=7aeb9e05-d3e2-4f89-9432-6ef570988c25,₫518.000,₫199.000,5.0,35,118,341 sản phẩm có sẵn,Đã thích (13),"{'Danh Mục': 'Shopee\nThể Thao & Du Lịch\nThời Trang Thể Thao & Dã Ngoại\nBộ Đồ Thể Thao', 'Thương hiệu': 'AVIANO', 'Giới tính': 'Nam', 'Kho hàng': '341', 'Gửi từ': 'Hà Nội'}"
sp.btw2,Aviano Menswear,"Quần Đùi Nam AVIANO Chất Vải Gió Cạp Chun, Quần Ngố Nam 5 Màu Basic Thoải Mái Vận Động Thể Thao",https://shopee.vn/Qu%E1%BA%A7n-%C4%90%C3%B9i-Nam-AVIANO-Ch%E1%BA%A5t-V%E1%BA%A3i-Gi%C3%B3-C%E1%BA%A1p-Chun-Qu%E1%BA%A7n-Ng%E1%BB%91-Nam-5-M%C3%A0u-Basic-Tho%E1%BA%A3i-M%C3%A1i-V%E1%BA%ADn-%C4%90%E1%BB%99ng-Th%E1%BB%83-Thao-i.40342563.21288074405?sp_atk=0ffcfe1a-e012-48c2-87c7-639d575e5e8e&xptdk=0ffcfe1a-e012-48c2-87c7-639d575e5e8e,₫178.000,₫89.000,4.9,44,233,1496 sản phẩm có sẵn,Đã thích (5),"{'Danh Mục': 'Shopee\nThời Trang Nam\nQuần Short\nQuần Đùi/Quần Short', 'Thương hiệu': 'AVIANO', 'Loại quần short': 'Jersey', 'Mẫu': 'Trơn', 'Kho hàng': '1496', 'Gửi từ': 'Hà Nội'}"
sp.btw2,Aviano Menswear,"Áo Polo AVIANO Viền Tay Kẻ Sọc 4 Màu Basic, Áo Polo Nam Chất Liệu Co Giãn Thấm Hút Mồ Hôi, Thoáng Khí",https://shopee.vn/%C3%81o-Polo-AVIANO-Vi%E1%BB%81n-Tay-K%E1%BA%BB-S%E1%BB%8Dc-4-M%C3%A0u-Basic-%C3%81o-Polo-Nam-Ch%E1%BA%A5t-Li%E1%BB%87u-Co-Gi%C3%A3n-Th%E1%BA%A5m-H%C3%BAt-M%E1%BB%93-H%C3%B4i-Tho%C3%A1ng-Kh%C3%AD-i.40342563.21178208018?sp_atk=139c17f1-bd52-4b19-bfd4-eae12daf1a4b&xptdk=139c17f1-bd52-4b19-bfd4-eae12daf1a4b,₫378.000,₫139.000,5.0,81,248,152 sản phẩm có sẵn,Đã thích (21),"{'Danh Mục': 'Shopee\nThời Trang Nam\nÁo\nÁo Polo', 'Thương hiệu': 'AVIANO', 'Mẫu': 'Sọc', 'Kho hàng': '152', 'Gửi từ': 'Hà Nội'}"
sp.btw2,Aviano Menswear,"Quần Ngố Nam AVIANO Chất Aircool Co Giãn 4 Chiều, Quần Short Nam Cạp Cúc Kiểu Dáng Thời Trang",https://shopee.vn/Qu%E1%BA%A7n-Ng%E1%BB%91-Nam-AVIANO-Ch%E1%BA%A5t-Aircool-Co-Gi%C3%A3n-4-Chi%E1%BB%81u-Qu%E1%BA%A7n-Short-Nam-C%E1%BA%A1p-C%C3%BAc-Ki%E1%BB%83u-D%C3%A1ng-Th%E1%BB%9Di-Trang-i.40342563.18976746167?sp_atk=7195eb0f-44f4-439d-a970-a61b0d106937&xptdk=7195eb0f-44f4-439d-a970-a61b0d106937,₫318.000,₫149.000,4.9,31,92,103 sản phẩm có sẵn,Đã thích (5),"{'Danh Mục': 'Shopee\nThời Trang Nam\nQuần Short\nQuần Đùi/Quần Short', 'Thương hiệu': 'AVIANO', 'Xuất xứ': 'Việt Nam', 'Dịp': 'Hằng Ngày', 'Loại quần short': 'Bermudas', 'Mẫu': 'Trơn', 'Kho hàng': '103', 'Gửi từ': 'Hà Nội'}"
sp.btw2,Aviano Menswear,"Quần Đùi Nam AVIANO Chất Aircool Co Giãn 4 Chiều Cạp Cúc, Quần Short Nam 5 Màu Basic Dễ Dàng Phối Đồ",https://shopee.vn/Qu%E1%BA%A7n-%C4%90%C3%B9i-Nam-AVIANO-Ch%E1%BA%A5t-Aircool-Co-Gi%C3%A3n-4-Chi%E1%BB%81u-C%E1%BA%A1p-C%C3%BAc-Qu%E1%BA%A7n-Short-Nam-5-M%C3%A0u-Basic-D%E1%BB%85-D%C3%A0ng-Ph%E1%BB%91i-%C4%90%E1%BB%93-i.40342563.22033562959?sp_atk=5a032a17-254b-4b5c-987e-3d8b0c04d892&xptdk=5a032a17-254b-4b5c-987e-3d8b0c04d892,₫318.000,₫149.000,4.9,48,167,103 sản phẩm có sẵn,Đã thích (27),"{'Danh Mục': 'Shopee\nThời Trang Nam\nQuần Short\nQuần Đùi/Quần Short', 'Thương hiệu': 'AVIANO', 'Xuất xứ': 'Việt Nam', 'Dịp': 'Hằng Ngày', 'Loại quần short': 'Bermudas', 'Mẫu': 'Trơn', 'Kho hàng': '103', 'Gửi từ': 'Hà Nội'}"
sp.btw2,Aviano Menswear,Áo Polo Lé Vai 3 Màu Thiết Kế Cổ Phối Trẻ Trung Thời Trang AVIANO,https://shopee.vn/%C3%81o-Polo-L%C3%A9-Vai-3-M%C3%A0u-Thi%E1%BA%BFt-K%E1%BA%BF-C%E1%BB%95-Ph%E1%BB%91i-Tr%E1%BA%BB-Trung-Th%E1%BB%9Di-Trang-AVIANO-i.40342563.21176536886?sp_atk=97516ae5-645c-4d8f-acc2-cad982344bfb&xptdk=97516ae5-645c-4d8f-acc2-cad982344bfb,₫378.000,₫139.000,4.8,34,100,148 sản phẩm có sẵn,Đã thích (26),"{'Danh Mục': 'Shopee\nThời Trang Nam\nÁo\nÁo Polo', 'Thương hiệu': 'AVIANO', 'Xuất xứ': 'Việt Nam', 'Chiều dài tay áo': 'Tay ngắn', 'Mẫu': 'Trơn', 'Kho hàng': '148', 'Gửi từ': 'Hà Nội'}"
sp.btw2,Aviano Menswear,"Áo Polo Nam AVIANO, Áo Thun Nam Có Cổ Tay Ngắn 5 Màu Basic Chất Liệu Thoáng Khí",https://shopee.vn/%C3%81o-Polo-Nam-AVIANO-%C3%81o-Thun-Nam-C%C3%B3-C%E1%BB%95-Tay-Ng%E1%BA%AFn-5-M%C3%A0u-Basic-Ch%E1%BA%A5t-Li%E1%BB%87u-Tho%C3%A1ng-Kh%C3%AD-i.40342563.18376559310?sp_atk=ea9dce40-5e91-44b6-8ebe-a09b97f29013&xptdk=ea9dce40-5e91-44b6-8ebe-a09b97f29013,₫378.000,₫139.000,4.9,67,150,102 sản phẩm có sẵn,Đã thích (11),"{'Danh Mục': 'Shopee\nThời Trang Nam\nÁo\nÁo Polo', 'Thương hiệu': 'AVIANO', 'Xuất xứ': 'Việt Nam', 'Chiều dài tay áo': 'Tay ngắn', 'Mẫu': 'Trơn', 'Kho hàng': '102', 'Gửi từ': 'Hà Nội'}"
sp.btw2,Aviano Menswear,"Bộ Đồ Nam AVIANO In Hình ZicZac, Đồ Thể Thao Nam Có Cổ Thiết Kế Thời Trang",https://shopee.vn/B%E1%BB%99-%C4%90%E1%BB%93-Nam-AVIANO-In-H%C3%ACnh-ZicZac-%C4%90%E1%BB%93-Th%E1%BB%83-Thao-Nam-C%C3%B3-C%E1%BB%95-Thi%E1%BA%BFt-K%E1%BA%BF-Th%E1%BB%9Di-Trang-i.40342563.21276531818?sp_atk=9d1a2176-560c-4d59-9baf-72332439cde3&xptdk=9d1a2176-560c-4d59-9baf-72332439cde3,₫538.000,₫169.000,4.8,319,969,85 sản phẩm có sẵn,Đã thích (156),"{'Danh Mục': 'Shopee\nThời Trang Nam\nĐồ Bộ', 'Thương hiệu': 'AVIANO', 'Mùa': 'Mùa hè', 'Xuất xứ': 'Việt Nam', 'Mẫu': 'In', 'Kho hàng': '85', 'Gửi từ': 'Hà Nội'}"
sp.btw2,Aviano Menswear,"Bộ Thể Thao Nam AVIANO Chất Liệu Poly Coolmax Thoáng Khí, Bộ Quần Áo Nam Mùa Hè 5 Màu Basic",https://shopee.vn/B%E1%BB%99-Th%E1%BB%83-Thao-Nam-AVIANO-Ch%E1%BA%A5t-Li%E1%BB%87u-Poly-Coolmax-Tho%C3%A1ng-Kh%C3%AD-B%E1%BB%99-Qu%E1%BA%A7n-%C3%81o-Nam-M%C3%B9a-H%C3%A8-5-M%C3%A0u-Basic-i.40342563.22733315717?sp_atk=e63313a7-13e1-4cd1-9a3b-6b22c85b53cb&xptdk=e63313a7-13e1-4cd1-9a3b-6b22c85b53cb,₫410.000,₫205.000,5.0,43,156,42 sản phẩm có sẵn,Đã thích (24),"{'Danh Mục': 'Shopee\nThời Trang Nam\nĐồ Bộ', 'Thương hiệu': 'AVIANO', 'Mùa': 'Mùa hè', 'Xuất xứ': 'Việt Nam', 'Mẫu': 'Trơn', 'Kho hàng': '42', 'Gửi từ': 'Hà Nội'}"
sp.btw2,Aviano Menswear,"Áo Thun Polo Nam AVIANO Chất Liệu Thấm Hút Mồ Hôi, Áo Polo Lé Vai Thiết Kế Cổ Phối Sọc Thời Trang",https://shopee.vn/%C3%81o-Thun-Polo-Nam-AVIANO-Ch%E1%BA%A5t-Li%E1%BB%87u-Th%E1%BA%A5m-H%C3%BAt-M%E1%BB%93-H%C3%B4i-%C3%81o-Polo-L%C3%A9-Vai-Thi%E1%BA%BFt-K%E1%BA%BF-C%E1%BB%95-Ph%E1%BB%91i-S%E1%BB%8Dc-Th%E1%BB%9Di-Trang-i.40342563.23330453053?sp_atk=95c1dabd-23a3-4daa-b498-9eae6b4da7a1&xptdk=95c1dabd-23a3-4daa-b498-9eae6b4da7a1,₫378.000,₫139.000,4.8,31,120,148 sản phẩm có sẵn,Đã thích (15),"{'Danh Mục': 'Shopee\nThời Trang Nam\nÁo\nÁo Polo', 'Thương hiệu': 'AVIANO', 'Xuất xứ': 'Việt Nam', 'Chiều dài tay áo': 'Tay ngắn', 'Mẫu': 'Trơn', 'Kho hàng': '148', 'Gửi từ': 'Hà Nội'}"
sp.btw2,Aviano Menswear,"Bộ Quần Áo Nam Mùa Hè AVIANO, Bộ Đồ Nam Cộc Tay Cổ Tròn Chất Liệu Poly Coolmax Thấm Hút Mồ Hôi",https://shopee.vn/B%E1%BB%99-Qu%E1%BA%A7n-%C3%81o-Nam-M%C3%B9a-H%C3%A8-AVIANO-B%E1%BB%99-%C4%90%E1%BB%93-Nam-C%E1%BB%99c-Tay-C%E1%BB%95-Tr%C3%B2n-Ch%E1%BA%A5t-Li%E1%BB%87u-Poly-Coolmax-Th%E1%BA%A5m-H%C3%BAt-M%E1%BB%93-H%C3%B4i-i.40342563.22630455837?sp_atk=a0c85a11-d028-4910-9ccb-a413b6df552a&xptdk=a0c85a11-d028-4910-9ccb-a413b6df552a,₫410.000,₫205.000,4.9,7,28,42 sản phẩm có sẵn,Đã thích (4),"{'Danh Mục': 'Shopee\nThời Trang Nam\nĐồ Bộ', 'Thương hiệu': 'AVIANO', 'Mùa': 'Mùa hè', 'Xuất xứ': 'Việt Nam', 'Mẫu': 'Trơn', 'Chiều dài áo': 'Dài', 'Cổ áo': 'Cổ tròn', 'Kho hàng': '42', 'Gửi từ': 'Hà Nội'}"
sp.btw2,Aviano Menswear,Áo Polo Trơn Bo Phối Xương Cá Thời Trang Cao Cấp AVIANO,https://shopee.vn/%C3%81o-Polo-Tr%C6%A1n-Bo-Ph%E1%BB%91i-X%C6%B0%C6%A1ng-C%C3%A1-Th%E1%BB%9Di-Trang-Cao-C%E1%BA%A5p-AVIANO-i.40342563.23430449409?sp_atk=cdee43b3-1329-4fb3-a3e1-d3ab47e8213c&xptdk=cdee43b3-1329-4fb3-a3e1-d3ab47e8213c,₫378.000,₫139.000,4.9,24,104,102 sản phẩm có sẵn,Đã thích (22),"{'Danh Mục': 'Shopee\nThời Trang Nam\nÁo\nÁo Polo', 'Thương hiệu': 'AVIANO', 'Chiều dài tay áo': 'Tay ngắn', 'Mẫu': 'Trơn', 'Kho hàng': '102', 'Gửi từ': 'Hà Nội'}"
sp.btw2,Aviano Menswear,"Bộ Thể Thao Nam AVIANO Polo Tay Ngắn, Bộ Quần Áo Nam Mùa Hè Thể Thao Chất Liệu Thấm Hút Mồ Hôi",https://shopee.vn/B%E1%BB%99-Th%E1%BB%83-Thao-Nam-AVIANO-Polo-Tay-Ng%E1%BA%AFn-B%E1%BB%99-Qu%E1%BA%A7n-%C3%81o-Nam-M%C3%B9a-H%C3%A8-Th%E1%BB%83-Thao-Ch%E1%BA%A5t-Li%E1%BB%87u-Th%E1%BA%A5m-H%C3%BAt-M%E1%BB%93-H%C3%B4i-i.40342563.22230454162?sp_atk=83319790-982e-4ee2-bfc8-cbf9309badc8&xptdk=83319790-982e-4ee2-bfc8-cbf9309badc8,₫538.000,₫219.000,4.9,61,210,361 sản phẩm có sẵn,Đã thích (25),"{'Danh Mục': 'Shopee\nThời Trang Nam\nĐồ Bộ', 'Thương hiệu': 'AVIANO', 'Mùa': 'Mùa hè', 'Xuất xứ': 'Việt Nam', 'Mẫu': 'Sọc', 'Chiều dài áo': 'Dài', 'Kho hàng': '361', 'Gửi từ': 'Hà Nội'}"
sp.btw2,Aviano Menswear,Áo Polo Nam Trơn Bo Phối Xương Cá Thời Trang Thiết Kế AVIANO,https://shopee.vn/%C3%81o-Polo-Nam-Tr%C6%A1n-Bo-Ph%E1%BB%91i-X%C6%B0%C6%A1ng-C%C3%A1-Th%E1%BB%9Di-Trang-Thi%E1%BA%BFt-K%E1%BA%BF-AVIANO-i.40342563.22630453082?sp_atk=5a1aa77a-c6e6-4fb0-987a-6aae630ce344&xptdk=5a1aa77a-c6e6-4fb0-987a-6aae630ce344,₫378.000,₫139.000,4.8,20,90,102 sản phẩm có sẵn,Đã thích (7),"{'Danh Mục': 'Shopee\nThời Trang Nam\nÁo\nÁo Polo', 'Thương hiệu': 'AVIANO', 'Chiều dài tay áo': 'Tay ngắn', 'Mẫu': 'Trơn', 'Kho hàng': '102', 'Gửi từ': 'Hà Nội'}"
sp.btw2,Aviano Menswear,"Áo Polo Nam AVIANO Lé Vai Thiết Kế Cổ Phối Thời Trang, Áo Thun Nam Có Cổ Chất Liệu Thoáng Khí",https://shopee.vn/%C3%81o-Polo-Nam-AVIANO-L%C3%A9-Vai-Thi%E1%BA%BFt-K%E1%BA%BF-C%E1%BB%95-Ph%E1%BB%91i-Th%E1%BB%9Di-Trang-%C3%81o-Thun-Nam-C%C3%B3-C%E1%BB%95-Ch%E1%BA%A5t-Li%E1%BB%87u-Tho%C3%A1ng-Kh%C3%AD-i.40342563.17092977085?sp_atk=5f0496e4-2a77-4f50-9d21-e347db9142d6&xptdk=5f0496e4-2a77-4f50-9d21-e347db9142d6,₫378.000,₫139.000,4.9,127,487,148 sản phẩm có sẵn,Đã thích (160),"{'Danh Mục': 'Shopee\nThời Trang Nam\nÁo\nÁo Polo', 'Thương hiệu': 'AVIANO', 'Xuất xứ': 'Việt Nam', 'Chiều dài tay áo': 'Tay ngắn', 'Mẫu': 'Trơn', 'Kho hàng': '148', 'Gửi từ': 'Hà Nội'}"
sp.btw2,Aviano Menswear,"Áo Polo AVIANO Thiết Kế Viền Sọc Cổ Thời Trang, Áo Polo Nam Ngắn Tay Chất Liệu Thấm Hút Mồ Hôi, 5 Màu Basic Dễ Phối Đồ",https://shopee.vn/%C3%81o-Polo-AVIANO-Thi%E1%BA%BFt-K%E1%BA%BF-Vi%E1%BB%81n-S%E1%BB%8Dc-C%E1%BB%95-Th%E1%BB%9Di-Trang-%C3%81o-Polo-Nam-Ng%E1%BA%AFn-Tay-Ch%E1%BA%A5t-Li%E1%BB%87u-Th%E1%BA%A5m-H%C3%BAt-M%E1%BB%93-H%C3%B4i-5-M%C3%A0u-Basic-D%E1%BB%85-Ph%E1%BB%91i-%C4%90%E1%BB%93-i.40342563.23926882821?sp_atk=364fd0c4-e6c5-41a0-8819-e8d1b8f3b745&xptdk=364fd0c4-e6c5-41a0-8819-e8d1b8f3b745,₫378.000,₫139.000,4.9,215,663,102 sản phẩm có sẵn,Đã thích (59),"{'Danh Mục': 'Shopee\nThời Trang Nam\nÁo\nÁo Polo', 'Thương hiệu': 'AVIANO', 'Xuất xứ': 'Việt Nam', 'Chiều dài tay áo': 'Tay ngắn', 'Mẫu': 'Trơn', 'Kho hàng': '102', 'Gửi từ': 'Hà Nội'}"
sp.btw2,Aviano Menswear,"Bộ Quần Áo Nam AVIANO Thiết Kế Can Vai, Bộ Đồ Nam Thể Thao Chất Liệu Poly Coolmax Thấm Hút Mồ Hôi",https://shopee.vn/B%E1%BB%99-Qu%E1%BA%A7n-%C3%81o-Nam-AVIANO-Thi%E1%BA%BFt-K%E1%BA%BF-Can-Vai-B%E1%BB%99-%C4%90%E1%BB%93-Nam-Th%E1%BB%83-Thao-Ch%E1%BA%A5t-Li%E1%BB%87u-Poly-Coolmax-Th%E1%BA%A5m-H%C3%BAt-M%E1%BB%93-H%C3%B4i-i.40342563.21474229291?sp_atk=64485fb2-805d-4d9a-bde4-3f68e0f292da&xptdk=64485fb2-805d-4d9a-bde4-3f68e0f292da,₫410.000,₫205.000,4.9,119,378,42 sản phẩm có sẵn,Đã thích (48),"{'Danh Mục': 'Shopee\nThời Trang Nam\nĐồ Bộ', 'Thương hiệu': 'AVIANO', 'Kho hàng': '42', 'Gửi từ': 'Hà Nội'}"
sp.btw2,Aviano Menswear,"Bộ Quần Áo Nam AVIANO Cổ Tròn Tay Ngắn, Bộ Đồ Nam Thiết Kế Kẻ Sọc Ngang Thời Trang",https://shopee.vn/B%E1%BB%99-Qu%E1%BA%A7n-%C3%81o-Nam-AVIANO-C%E1%BB%95-Tr%C3%B2n-Tay-Ng%E1%BA%AFn-B%E1%BB%99-%C4%90%E1%BB%93-Nam-Thi%E1%BA%BFt-K%E1%BA%BF-K%E1%BA%BB-S%E1%BB%8Dc-Ngang-Th%E1%BB%9Di-Trang-i.40342563.19674149522?sp_atk=0b069c27-aaea-425c-beb6-4ad80a4772ef&xptdk=0b069c27-aaea-425c-beb6-4ad80a4772ef,₫538.000,₫199.000,4.8,97,335,132 sản phẩm có sẵn,Đã thích (60),"{'Danh Mục': 'Shopee\nThời Trang Nam\nĐồ Bộ', 'Thương hiệu': 'AVIANO', 'Mùa': 'Mùa hè', 'Xuất xứ': 'Việt Nam', 'Mẫu': 'Sọc', 'Chiều dài áo': 'Dài', 'Cổ áo': 'Cổ tròn', 'Kho hàng': '132', 'Gửi từ': 'Hà Nội'}"
sp.btw2,Aviano Menswear,"Bộ Đồ Nam AVIANO, Bộ Quần Áo Nam Cổ Tròn Tay Ngắn Kẻ Sọc Thể Thao Thời Trang Chất Poly Coolmax",https://shopee.vn/B%E1%BB%99-%C4%90%E1%BB%93-Nam-AVIANO-B%E1%BB%99-Qu%E1%BA%A7n-%C3%81o-Nam-C%E1%BB%95-Tr%C3%B2n-Tay-Ng%E1%BA%AFn-K%E1%BA%BB-S%E1%BB%8Dc-Th%E1%BB%83-Thao-Th%E1%BB%9Di-Trang-Ch%E1%BA%A5t-Poly-Coolmax-i.40342563.22123149715?sp_atk=8c38dda6-70e0-40b2-9156-5271648f4321&xptdk=8c38dda6-70e0-40b2-9156-5271648f4321,₫538.000,₫199.000,4.9,413,"1,3k",131 sản phẩm có sẵn,Đã thích (246),"{'Danh Mục': 'Shopee\nThời Trang Nam\nĐồ Bộ', 'Thương hiệu': 'AVIANO', 'Mùa': 'Mùa hè', 'Xuất xứ': 'Việt Nam', 'Mẫu': 'Sọc', 'Chiều dài áo': 'Dài', 'Cổ áo': 'Cổ tròn', 'Chất liệu': 'Poly', 'Kho hàng': '131', 'Gửi từ': 'Hà Nội'}"
sp.btw2,Aviano Menswear,"Bộ Quần Áo Nam AVIANO Polo Cộc Tay, Bộ Quần Áo Nam Mùa Hè Chất  Liệu Poly Coolmax Thoáng Khí",https://shopee.vn/B%E1%BB%99-Qu%E1%BA%A7n-%C3%81o-Nam-AVIANO-Polo-C%E1%BB%99c-Tay-B%E1%BB%99-Qu%E1%BA%A7n-%C3%81o-Nam-M%C3%B9a-H%C3%A8-Ch%E1%BA%A5t-Li%E1%BB%87u-Poly-Coolmax-Tho%C3%A1ng-Kh%C3%AD-i.40342563.18372901659?sp_atk=5a5c3bbd-c2ae-4a32-818b-82013f8fac94&xptdk=5a5c3bbd-c2ae-4a32-818b-82013f8fac94,₫538.000,₫219.000,4.9,1k,3k,361 sản phẩm có sẵn,Đã thích (379),"{'Danh Mục': 'Shopee\nThời Trang Nam\nĐồ Bộ', 'Thương hiệu': 'AVIANO', 'Mùa': 'Mùa hè', 'Xuất xứ': 'Việt Nam', 'Mẫu': 'Sọc', 'Chiều dài áo': 'Dài', 'Kho hàng': '361', 'Gửi từ': 'Hà Nội'}"
sp.btw2,Aviano Menswear,Áo Dài Tay Cho Bé 4 Màu Phối Thời Trang BELLO LAND,https://shopee.vn/%C3%81o-D%C3%A0i-Tay-Cho-B%C3%A9-4-M%C3%A0u-Ph%E1%BB%91i-Th%E1%BB%9Di-Trang-BELLO-LAND-i.40342563.22809702336?sp_atk=93ef4c55-d4c4-4c76-85b5-6a8cc62e22f2&xptdk=93ef4c55-d4c4-4c76-85b5-6a8cc62e22f2,₫118.000,₫59.000,5.0,63,218,310 sản phẩm có sẵn,Đã thích (11),"{'Danh Mục': 'Shopee\nThời Trang Trẻ Em\nQuần áo em bé\nÁo', 'Thương hiệu': 'Bello land', 'Mẫu': 'Khác', 'Xuất xứ': 'Việt Nam', 'Kho hàng': '310', 'Gửi từ': 'Hà Nội'}"
sp.btw2,Aviano Menswear,Váy Hoa Phối Cổ Trắng Ren Ngực Cho Bé Gái Thời Trang BELLO LAND,https://shopee.vn/V%C3%A1y-Hoa-Ph%E1%BB%91i-C%E1%BB%95-Tr%E1%BA%AFng-Ren-Ng%E1%BB%B1c-Cho-B%C3%A9-G%C3%A1i-Th%E1%BB%9Di-Trang-BELLO-LAND-i.40342563.14195492447?sp_atk=44f88de3-e040-4c73-a8f3-4f1faf5d28a2&xptdk=44f88de3-e040-4c73-a8f3-4f1faf5d28a2,₫198.000,₫89.000,5.0,24,77,315 sản phẩm có sẵn,Đã thích (9),"{'Danh Mục': 'Shopee\nThời Trang Trẻ Em\nTrang phục bé gái\nVáy/Đầm', 'Thương hiệu': 'Bello land', 'Chiều dài tay áo': 'Dài tay', 'Mẫu': 'Hoa', 'Xuất xứ': 'Việt Nam', 'Kho hàng': '315', 'Gửi từ': 'Hà Nội'}"
sp.btw2,Aviano Menswear,Váy Bèo Trụ Cổ Sen Cho Bé Gái Thời Trang BELLOLAND,https://shopee.vn/V%C3%A1y-B%C3%A8o-Tr%E1%BB%A5-C%E1%BB%95-Sen-Cho-B%C3%A9-G%C3%A1i-Th%E1%BB%9Di-Trang-BELLOLAND-i.40342563.21365866666?sp_atk=5d076883-ada6-45ea-92fe-76e1526d653b&xptdk=5d076883-ada6-45ea-92fe-76e1526d653b,₫198.000,₫79.000,4.9,39,126,111 sản phẩm có sẵn,Đã thích (15),"{'Danh Mục': 'Shopee\nThời Trang Trẻ Em\nTrang phục bé gái\nVáy/Đầm', 'Thương hiệu': 'Bello land', 'Kho hàng': '111', 'Gửi từ': 'Hà Nội'}"
sp.btw2,Aviano Menswear,Quần Âu Nam Kèm Móc Di Chuyển Phong Cách Thời Trang AVIANO,https://shopee.vn/Qu%E1%BA%A7n-%C3%82u-Nam-K%C3%A8m-M%C3%B3c-Di-Chuy%E1%BB%83n-Phong-C%C3%A1ch-Th%E1%BB%9Di-Trang-AVIANO-i.40342563.20864377620?sp_atk=11a74007-971d-4b80-886a-08c2cb5ea2b9&xptdk=11a74007-971d-4b80-886a-08c2cb5ea2b9,₫350.000,₫199.000,4.6,24,69,146 sản phẩm có sẵn,Đã thích (31),"{'Danh Mục': 'Shopee\nThời Trang Nam\nQuần Dài/Quần Âu\nQuần Dài', 'Thương hiệu': 'AVIANO', 'Mẫu': 'Trơn', 'Kho hàng': '146', 'Gửi từ': 'Hà Nội'}"
sp.btw2,Aviano Menswear,Quần Jogger Túi Hộp Thời Trang Nam Trẻ Trung Thiết Kế Cao Cấp AVIANO,https://shopee.vn/Qu%E1%BA%A7n-Jogger-T%C3%BAi-H%E1%BB%99p-Th%E1%BB%9Di-Trang-Nam-Tr%E1%BA%BB-Trung-Thi%E1%BA%BFt-K%E1%BA%BF-Cao-C%E1%BA%A5p-AVIANO-i.40342563.22801297037?sp_atk=7d73e958-6120-4282-9eab-af635d1a78d1&xptdk=7d73e958-6120-4282-9eab-af635d1a78d1,₫350.000,₫129.000,4.8,92,296,,Đã thích (57),"{'Danh Mục': 'Shopee\nThời Trang Nam\nQuần Dài/Quần Âu\nQuần Jogger', 'Thương hiệu': 'AVIANO', 'Chất liệu': 'kaki', 'Mẫu': 'Trơn, In', 'Kho hàng': '835', 'Gửi từ': 'Hà Nội'}"
sp.btw2,Aviano Menswear,Quần Âu Nam Dài Kèm Móc Di Chuyển Thiết Kế Thời Trang AVIANO,https://shopee.vn/Qu%E1%BA%A7n-%C3%82u-Nam-D%C3%A0i-K%C3%A8m-M%C3%B3c-Di-Chuy%E1%BB%83n-Thi%E1%BA%BFt-K%E1%BA%BF-Th%E1%BB%9Di-Trang-AVIANO-i.40342563.21656243356?sp_atk=116db842-dcfb-4ed1-a118-d5f03c90ce6d&xptdk=116db842-dcfb-4ed1-a118-d5f03c90ce6d,₫350.000,₫199.000,4.7,39,88,,Đã thích (23),"{'Danh Mục': 'Shopee\nThời Trang Nam\nQuần Dài/Quần Âu\nQuần Dài', 'Thương hiệu': 'AVIANO', 'Chiều dài quần': 'Chiều dài đầy đủ', 'Mẫu': 'Trơn', 'Kho hàng': '146', 'Gửi từ': 'Hà Nội'}"
sp.btw2,Aviano Menswear,Áo Dài Truyền Thống Cách Điệu Thời Trang Cao Cấp NORICK,https://shopee.vn/%C3%81o-D%C3%A0i-Truy%E1%BB%81n-Th%E1%BB%91ng-C%C3%A1ch-%C4%90i%E1%BB%87u-Th%E1%BB%9Di-Trang-Cao-C%E1%BA%A5p-NORICK-i.40342563.19255623993?sp_atk=cedf66b5-b210-4b51-b4dd-787a252cb21b&xptdk=cedf66b5-b210-4b51-b4dd-787a252cb21b,₫1.198.000,₫299.000,4.8,42,143,,Đã thích (217),"{'Danh Mục': 'Shopee\nThời Trang Nữ\nĐồ truyền thống\nĐầm', 'Thương hiệu': 'Norick', 'Chiều dài váy': 'Maxi', 'Mẫu': 'Hoa', 'Kho hàng': '200', 'Gửi từ': 'Hà Nội'}"
sp.btw2,Aviano Menswear,Quần KaKi Nam Ống Suông Thời Trang Thiết Kế Năng Động AVIANO,https://shopee.vn/Qu%E1%BA%A7n-KaKi-Nam-%E1%BB%90ng-Su%C3%B4ng-Th%E1%BB%9Di-Trang-Thi%E1%BA%BFt-K%E1%BA%BF-N%C4%83ng-%C4%90%E1%BB%99ng-AVIANO-i.40342563.21554048748?sp_atk=20d5f8f0-70bd-415e-9a1a-578b92267c07&xptdk=20d5f8f0-70bd-415e-9a1a-578b92267c07,₫398.000,₫209.000,4.8,190,633,,Đã thích (143),"{'Danh Mục': 'Shopee\nThời Trang Nam\nQuần Dài/Quần Âu\nQuần Dài', 'Thương hiệu': 'AVIANO', 'Chiều dài quần': 'Chiều dài đầy đủ', 'Chất liệu': 'kaki', 'Mẫu': 'Trơn', 'Kiểu dáng quần': 'Đứng', 'Kho hàng': '211', 'Gửi từ': 'Hà Nội'}"
sp.btw2,Aviano Menswear,Quần Âu Nam Kèm Móc Di Chuyển Thiết Kế Phong Cách Thời Trang AVIANO,https://shopee.vn/Qu%E1%BA%A7n-%C3%82u-Nam-K%C3%A8m-M%C3%B3c-Di-Chuy%E1%BB%83n-Thi%E1%BA%BFt-K%E1%BA%BF-Phong-C%C3%A1ch-Th%E1%BB%9Di-Trang-AVIANO-i.40342563.19753774121?sp_atk=4da99f75-0685-4211-b892-a70f6aaf43f6&xptdk=4da99f75-0685-4211-b892-a70f6aaf43f6,₫350.000,₫199.000,4.8,40,158,,Đã thích (57),"{'Danh Mục': 'Shopee\nThời Trang Nam\nQuần Dài/Quần Âu\nQuần Dài', 'Thương hiệu': 'AVIANO', 'Mẫu': 'Trơn', 'Kho hàng': '146', 'Gửi từ': 'Hà Nội'}"
sp.btw2,Aviano Menswear,Áo Nỉ Nam Can Tay 5 Màu Thời Trang Thiết Kế Cao Cấp AVIANO,https://shopee.vn/A%CC%81o-N%E1%BB%89-Nam-Can-Tay-5-M%C3%A0u-Th%E1%BB%9Di-Trang-Thi%E1%BA%BFt-K%E1%BA%BF-Cao-C%E1%BA%A5p-AVIANO-i.40342563.18452694959?sp_atk=9c153c4a-c669-468f-9895-69b88fab3492&xptdk=9c153c4a-c669-468f-9895-69b88fab3492,₫438.000,₫189.000 - ₫219.000,4.9,"1,4k","4,5k",,"Đã thích (1,5k)","{'Danh Mục': 'Shopee\nThời Trang Nam\nÁo Hoodie, Áo Len & Áo Nỉ\nÁo Nỉ', 'Thương hiệu': 'AVIANO', 'Xuất xứ': 'Việt Nam', 'Mùa': 'Mùa đông', 'Chất liệu': 'Nỉ', 'Mẫu': 'Trơn', 'Kho hàng': '237838', 'Gửi từ': 'Hà Nội'}"
sp.btw2,Aviano Menswear,Quần Âu Nam Dài Kèm Móc Di Chuyển Thiết Kế Phong Cách Thời Trang AVIANO,https://shopee.vn/Qu%E1%BA%A7n-%C3%82u-Nam-D%C3%A0i-K%C3%A8m-M%C3%B3c-Di-Chuy%E1%BB%83n-Thi%E1%BA%BFt-K%E1%BA%BF-Phong-C%C3%A1ch-Th%E1%BB%9Di-Trang-AVIANO-i.40342563.17686526234?sp_atk=32657e75-a446-4e0e-98ce-124aab53d0ba&xptdk=32657e75-a446-4e0e-98ce-124aab53d0ba,₫350.000,₫199.000,4.7,124,406,,Đã thích (153),"{'Danh Mục': 'Shopee\nThời Trang Nam\nQuần Dài/Quần Âu\nQuần Dài', 'Thương hiệu': 'AVIANO', 'Chiều dài quần': 'Chiều dài đầy đủ', 'Xuất xứ': 'Việt Nam', 'Mẫu': 'Trơn', 'Kho hàng': '145', 'Gửi từ': 'Hà Nội'}"
sp.btw2,Aviano Menswear,Quần Jogger Túi Hộp Thời Trang Thiết Kế Cao Cấp AVIANO,https://shopee.vn/Qu%E1%BA%A7n-Jogger-T%C3%BAi-H%E1%BB%99p-Th%E1%BB%9Di-Trang-Thi%E1%BA%BFt-K%E1%BA%BF-Cao-C%E1%BA%A5p-AVIANO-i.40342563.19950214809?sp_atk=8dedc4b1-b1e3-474f-823d-ea6c7d2f651f&xptdk=8dedc4b1-b1e3-474f-823d-ea6c7d2f651f,₫350.000,₫129.000,5.0,31,70,,Đã thích (19),"{'Danh Mục': 'Shopee\nThời Trang Nam\nQuần Dài/Quần Âu\nQuần Jogger', 'Thương hiệu': 'AVIANO', 'Kho hàng': '835', 'Gửi từ': 'Hà Nội'}"
sp.btw2,Aviano Menswear,Bộ Thể Thao Nam 3 Sọc Mùa Đông Da Cá Chéo Thời Trang Thiết Kế AVIANO,https://shopee.vn/B%E1%BB%99-Th%E1%BB%83-Thao-Nam-3-S%E1%BB%8Dc-M%C3%B9a-%C4%90%C3%B4ng-Da-C%C3%A1-Ch%C3%A9o-Th%E1%BB%9Di-Trang-Thi%E1%BA%BFt-K%E1%BA%BF-AVIANO-i.40342563.19749576955?sp_atk=54082135-e9a0-4082-a921-0b47e5d37110&xptdk=54082135-e9a0-4082-a921-0b47e5d37110,₫598.000,₫275.000,4.9,"1,6k","5,4k",,Đã thích (753),"{'Danh Mục': 'Shopee\nThời Trang Nam\nĐồ Bộ', 'Thương hiệu': 'AVIANO', 'Xuất xứ': 'Việt Nam', 'Mẫu': 'Sọc', 'Số lượng hàng khuyến mãi': '315', 'Số sản phẩm còn lại': '334048', 'Gửi từ': 'Hà Nội'}"
sp.btw2,Aviano Menswear,Quần Jogger Túi Hộp 4 Màu Thời Trang Thiết Kế Cao Cấp AVIANO,https://shopee.vn/Qu%E1%BA%A7n-Jogger-T%C3%BAi-H%E1%BB%99p-4-M%C3%A0u-Th%E1%BB%9Di-Trang-Thi%E1%BA%BFt-K%E1%BA%BF-Cao-C%E1%BA%A5p-AVIANO-i.40342563.20948091380?sp_atk=c9b744e8-b76d-4f68-9ccc-afd78031e7ad&xptdk=c9b744e8-b76d-4f68-9ccc-afd78031e7ad,₫350.000,₫129.000,4.8,155,590,,Đã thích (160),"{'Danh Mục': 'Shopee\nThời Trang Nam\nQuần Dài/Quần Âu\nQuần Túi Hộp', 'Thương hiệu': 'AVIANO', 'Kho hàng': '835', 'Gửi từ': 'Hà Nội'}"
sp.btw2,Aviano Menswear,Quần Kaki Nam Dài Thiết Kế Phong Cách Thời Trang AVIANO,https://shopee.vn/Qu%E1%BA%A7n-Kaki-Nam-D%C3%A0i-Thi%E1%BA%BFt-K%E1%BA%BF-Phong-C%C3%A1ch-Th%E1%BB%9Di-Trang-AVIANO-i.40342563.17785640095?sp_atk=8201b5ed-9afa-43b5-b306-00b208fe41d8&xptdk=8201b5ed-9afa-43b5-b306-00b208fe41d8,₫350.000,₫209.000,4.8,54,195,,Đã thích (22),"{'Danh Mục': 'Shopee\nThời Trang Nam\nQuần Dài/Quần Âu\nQuần Dài', 'Thương hiệu': 'AVIANO', 'Chiều dài quần': 'Chiều dài đầy đủ', 'Chất liệu': 'kaki', 'Xuất xứ': 'Việt Nam', 'Mẫu': 'Trơn', 'Kho hàng': '236', 'Gửi từ': 'Hà Nội'}"
sp.btw2,Aviano Menswear,Combo 12 đôi tất nam Trơn VICERO Kháng khuẩn,https://shopee.vn/Combo-12-%C4%91%C3%B4i-t%E1%BA%A5t-nam-Tr%C6%A1n-VICERO-Kh%C3%A1ng-khu%E1%BA%A9n-i.40342563.19746362013?sp_atk=273b2070-fa62-49ff-aed5-a67d6ee85520&xptdk=273b2070-fa62-49ff-aed5-a67d6ee85520,₫125.000,₫75.000,4.7,29,116,,Đã thích (6),"{'Danh Mục': 'Shopee\nThời Trang Nam\nVớ/Tất', 'Thương hiệu': 'VICERO', 'Kho hàng': '6972', 'Gửi từ': 'Hà Nội'}"
sp.btw2,Aviano Menswear,Váy Cho Bé Gái 3 Màu Hoạ Tiết Hoa Đáng Yêu Thời Trang BELLO LAND,https://shopee.vn/V%C3%A1y-Cho-B%C3%A9-G%C3%A1i-3-M%C3%A0u-Ho%E1%BA%A1-Ti%E1%BA%BFt-Hoa-%C4%90%C3%A1ng-Y%C3%AAu-Th%E1%BB%9Di-Trang-BELLO-LAND-i.40342563.19340614171?sp_atk=ecf344d6-9cf5-4140-b164-4441575646d0&xptdk=ecf344d6-9cf5-4140-b164-4441575646d0,₫278.000,₫99.000,5.0,47,142,,Đã thích (17),"{'Danh Mục': 'Shopee\nThời Trang Trẻ Em\nTrang phục bé gái\nVáy/Đầm', 'Thương hiệu': 'Bello land', 'Xuất xứ': 'Việt Nam', 'Kho hàng': '75', 'Gửi từ': 'Hà Nội'}"
sp.btw2,Aviano Menswear,Váy Cho Bé Dáng Xòe Vải Nhung Tăm BELLO LAND,https://shopee.vn/V%C3%A1y-Cho-B%C3%A9-D%C3%A1ng-X%C3%B2e-V%E1%BA%A3i-Nhung-T%C4%83m-BELLO-LAND-i.40342563.18840611269?sp_atk=ac1ce21a-9b8b-4b1a-a762-69439dd9c9aa&xptdk=ac1ce21a-9b8b-4b1a-a762-69439dd9c9aa,₫278.000,₫99.000,4.9,126,432,,Đã thích (60),"{'Danh Mục': 'Shopee\nThời Trang Trẻ Em\nTrang phục bé gái\nVáy/Đầm', 'Thương hiệu': 'Bello land', 'Xuất xứ': 'Việt Nam', 'Kho hàng': '49', 'Gửi từ': 'Hà Nội'}"
sp.btw2,Aviano Menswear,Áo Khoác Thu Đông Lót Lông Siêu Xinh Cho Bé Bello Land,https://shopee.vn/%C3%81o-Kho%C3%A1c-Thu-%C4%90%C3%B4ng-L%C3%B3t-L%C3%B4ng-Si%C3%AAu-Xinh-Cho-B%C3%A9-Bello-Land-i.40342563.19340600652?sp_atk=b2a5e41b-23fd-44b9-b9a6-68a3b4f8ac15&xptdk=b2a5e41b-23fd-44b9-b9a6-68a3b4f8ac15,₫298.000,₫99.000,4.9,52,134,,Đã thích (34),"{'Danh Mục': 'Shopee\nThời Trang Trẻ Em\nQuần áo em bé\nÁo khoác mùa đông', 'Thương hiệu': 'Bello land', 'Kho hàng': '7', 'Gửi từ': 'Hà Nội'}"
sp.btw2,Aviano Menswear,Áo Thun Dài Tay 5 Màu Cho Bé Thiết Kế Cao Cấp Thời Trang BELLO LAND,https://shopee.vn/A%CC%81o-Thun-D%C3%A0i-Tay-5-M%C3%A0u-Cho-B%C3%A9-Thi%E1%BA%BFt-K%E1%BA%BF-Cao-C%E1%BA%A5p-Th%E1%BB%9Di-Trang-BELLO-LAND-i.40342563.18840600471?sp_atk=8cc56114-d140-4d8c-8002-b925f8d43300&xptdk=8cc56114-d140-4d8c-8002-b925f8d43300,₫218.000,₫50.000,4.8,65,245,,Đã thích (22),"{'Danh Mục': 'Shopee\nThời Trang Trẻ Em\nQuần áo em bé\nÁo', 'Thương hiệu': 'Bello land', 'Xuất xứ': 'Việt Nam', 'Kho hàng': '333', 'Gửi từ': 'Hà Nội'}"
sp.btw2,Aviano Menswear,Bộ Quần Áo Cho Bé Thiết Kế Kẻ Ô Cao Cấp Thời Trang BELLO LAND,https://shopee.vn/B%E1%BB%99-Qu%E1%BA%A7n-%C3%81o-Cho-B%C3%A9-Thi%E1%BA%BFt-K%E1%BA%BF-K%E1%BA%BB-%C3%94-Cao-C%E1%BA%A5p-Th%E1%BB%9Di-Trang-BELLO-LAND-i.40342563.18040585153?sp_atk=e5e401b4-6e7b-4fe7-89bb-622691d276dc&xptdk=e5e401b4-6e7b-4fe7-89bb-622691d276dc,₫438.000,₫99.000,4.9,85,220,,Đã thích (33),"{'Danh Mục': 'Shopee\nThời Trang Trẻ Em\nTrang phục bé trai\nBộ quần áo', 'Thương hiệu': 'Bello land', 'Kho hàng': '349', 'Gửi từ': 'Hà Nội'}"
sp.btw2,Aviano Menswear,Bộ Quần Áo Cho Bé Trai Chất Liệu Nhung Tăm Cao Cấp Thời Trang BELLO LAND,https://shopee.vn/B%E1%BB%99-Qu%E1%BA%A7n-%C3%81o-Cho-B%C3%A9-Trai-Ch%E1%BA%A5t-Li%E1%BB%87u-Nhung-T%C4%83m-Cao-C%E1%BA%A5p-Th%E1%BB%9Di-Trang-BELLO-LAND-i.40342563.18840583031?sp_atk=42c32c07-e5eb-4037-b905-6ed10af8432b&xptdk=42c32c07-e5eb-4037-b905-6ed10af8432b,₫438.000,₫164.000,4.9,30,117,,Đã thích (84),"{'Danh Mục': 'Shopee\nThời Trang Trẻ Em\nTrang phục bé trai\nBộ quần áo', 'Thương hiệu': 'Bello land', 'Kho hàng': '4', 'Gửi từ': 'Hà Nội'}"
sp.btw2,Aviano Menswear,Quần Short Gió Nam Thể Thao Kiểu Dáng Năng Động Thời Trang AVIANO,https://shopee.vn/Qu%E1%BA%A7n-Short-Gi%C3%B3-Nam-Th%E1%BB%83-Thao-Ki%E1%BB%83u-D%C3%A1ng-N%C4%83ng-%C4%90%E1%BB%99ng-Th%E1%BB%9Di-Trang-AVIANO-i.40342563.20936526903?sp_atk=b3338877-d68a-460b-b79e-a90d9a73a9de&xptdk=b3338877-d68a-460b-b79e-a90d9a73a9de,₫258.000,₫89.000,4.8,114,418,,Đã thích (26),"{'Danh Mục': 'Shopee\nThời Trang Nam\nQuần Short\nQuần Đùi/Quần Short', 'Thương hiệu': 'AVIANO', 'Phong cách': 'Thể thao', 'Loại khóa': 'Khóa kéo', 'Dịp': 'Hằng Ngày', 'Loại quần short': 'Jersey', 'Mẫu': 'Trơn', 'Chất liệu': 'Gió', 'Kho hàng': '2896', 'Gửi từ': 'Hà Nội'}"
sp.btw2,Aviano Menswear,Váy Cho Bé Gái Dáng Xòe Xinh Xắn BELLO LAND,https://shopee.vn/V%C3%A1y-Cho-B%C3%A9-G%C3%A1i-D%C3%A1ng-X%C3%B2e-Xinh-X%E1%BA%AFn-BELLO-LAND-i.40342563.21531035702?sp_atk=15b23c0c-b368-4f99-a125-d49d7cd5848a&xptdk=15b23c0c-b368-4f99-a125-d49d7cd5848a,₫218.000,₫79.000,4.8,29,65,,Đã thích (15),"{'Danh Mục': 'Shopee\nThời Trang Trẻ Em\nQuần áo em bé\nVáy/đầm', 'Thương hiệu': 'Bello land', 'Xuất xứ': 'Việt Nam', 'Kho hàng': '95', 'Gửi từ': 'Hà Nội'}"
sp.btw2,Aviano Menswear,Bộ Nữ Kiểu Dáng Công Sở Chất Liệu Cao Cấp Thương Hiệu NORICK,https://shopee.vn/B%E1%BB%99-N%E1%BB%AF-Ki%E1%BB%83u-D%C3%A1ng-C%C3%B4ng-S%E1%BB%9F-Ch%E1%BA%A5t-Li%E1%BB%87u-Cao-C%E1%BA%A5p-Th%C6%B0%C6%A1ng-Hi%E1%BB%87u-NORICK-i.40342563.20130983811?sp_atk=381ad424-0a9f-491a-a1b0-5dee88efd374&xptdk=381ad424-0a9f-491a-a1b0-5dee88efd374,₫438.000,₫130.000,4.9,22,57,,Đã thích (37),"{'Danh Mục': 'Shopee\nThời Trang Nữ\nBộ\nĐồ lẻ', 'Thương hiệu': 'Norick', 'Xuất xứ': 'Việt Nam', 'Kho hàng': '39', 'Gửi từ': 'Hà Nội'}"
sp.btw2,Aviano Menswear,Bộ Blazer Quần Suông Thời Trang Thiết Kế Cao Cấp NORICK,https://shopee.vn/B%E1%BB%99-Blazer-Qu%E1%BA%A7n-Su%C3%B4ng-Th%E1%BB%9Di-Trang-Thi%E1%BA%BFt-K%E1%BA%BF-Cao-C%E1%BA%A5p-NORICK-i.40342563.21930972258?sp_atk=2ed12da7-aef8-47ed-b55e-436bddd47f37&xptdk=2ed12da7-aef8-47ed-b55e-436bddd47f37,₫700.000 - ₫838.000,₫350.000,4.8,10,13,,Đã thích (23),"{'Danh Mục': 'Shopee\nThời Trang Nữ\nBộ\nKhác', 'Thương hiệu': 'Norick', 'Xuất xứ': 'Việt Nam', 'Kho hàng': '93', 'Gửi từ': 'Hà Nội'}"
sp.btw2,Aviano Menswear,Chân Váy Dài Thiết Kế 2 Màu Thời Trang Cao Cấp NORICK,https://shopee.vn/Ch%C3%A2n-V%C3%A1y-D%C3%A0i-Thi%E1%BA%BFt-K%E1%BA%BF-2-M%C3%A0u-Th%E1%BB%9Di-Trang-Cao-C%E1%BA%A5p-NORICK-i.40342563.18130960013?sp_atk=c571b397-5a71-49a2-8db3-98f74d599aef&xptdk=c571b397-5a71-49a2-8db3-98f74d599aef,₫338.000,₫105.000,4.9,22,56,,Đã thích (6),"{'Danh Mục': 'Shopee\nThời Trang Nữ\nChân váy', 'Thương hiệu': 'Norick', 'Kho hàng': '223', 'Gửi từ': 'Hà Nội'}"
